NAMA DOMAIN,NAMA_OKUPASI,Kode,Nama Unit,KODE_OKUPASI
DATA MANAGEMENT SYSTEM,DATA MANAGEMENT STAFF,TIK.OP01.001.01,Mengetik pada papan ketik (keyboard) standar,010301
DATA MANAGEMENT SYSTEM,DATA MANAGEMENT STAFF,TIK.OP01.002.01,Mengidentifikasi aspek kode etik dan HAKI dibidang TIK,010301
DATA MANAGEMENT SYSTEM,DATA MANAGEMENT STAFF,TIK.OP01.003.01,Mendeskripsikan kewaspasdaan terhadap keamanan informasi,010301
DATA MANAGEMENT SYSTEM,DATA MANAGEMENT STAFF,TIK.OP01.004.01,Mengidentifikasi sistem dan prosedur pengelolaan infrastruktur komputer,010301
DATA MANAGEMENT SYSTEM,DATA MANAGEMENT STAFF,TIK.OP01.005.01,Mengimplementasikan sistem keamanan dan keselamatan pada pengoperasian komputer,010301
DATA MANAGEMENT SYSTEM,DATA MANAGEMENT STAFF,TIK.OP02.006.01,Mengoperasikan Penelusur Web (Web Browser),010301
DATA MANAGEMENT SYSTEM,DATA MANAGEMENT STAFF,TIK.OP02.007.01,Mengoperasikan piranti lunak klien e-mail (e-mail client),010301
DATA MANAGEMENT SYSTEM,DATA MANAGEMENT STAFF,TIK.OP02.011.01,Mengoperasikan piranti lunak presentasi,010301
DATA MANAGEMENT SYSTEM,DATA MANAGEMENT STAFF,TIK.OP02.012.01,Mengoperasikan piranti lunak pengolah kata - tingkat maju,010301
DATA MANAGEMENT SYSTEM,DATA MANAGEMENT STAFF,TIK.OP02.013.01,Mengoperasikan piranti lunak lembar sebar - tingkat maju,010301
DATA MANAGEMENT SYSTEM,DATA MANAGEMENT STAFF,TIK.OP02.014.01,Mempergunakan Piranti Lunak Anti virus,010301
DATA MANAGEMENT SYSTEM,DATA MANAGEMENT STAFF,TIK.OP02.015.01,Mempergunakan perangkat keras dan piranti lunak untuk memindai dokumen gambar,010301
DATA MANAGEMENT SYSTEM,DATA ENTRY OPERATOR,TIK.OP01.001.01,Mengetik pada papan ketik (keyboard) standar,010201
DATA MANAGEMENT SYSTEM,DATA ENTRY OPERATOR,TIK.OP01.002.01,Mengidentifikasi aspek kode etik dan HAKI dibidang TIK,010201
DATA MANAGEMENT SYSTEM,DATA ENTRY OPERATOR,TIK.OP01.003.01,Mendeskripsikan kewaspasdaan terhadap keamanan informasi,010201
DATA MANAGEMENT SYSTEM,DATA ENTRY OPERATOR,TIK.OP01.004.01,Mengidentifikasi sistem dan prosedur pengelolaan infrastruktur komputer,010201
DATA MANAGEMENT SYSTEM,DATA ENTRY OPERATOR,TIK.OP01.005.01,Mengimplementasikan sistem keamanan dan keselamatan pada pengoperasian komputer,010201
DATA MANAGEMENT SYSTEM,DATA ENTRY OPERATOR,TIK.OP02.002.01,Mengoperasikan Printer,010201
DATA MANAGEMENT SYSTEM,DATA ENTRY OPERATOR,TIK.OP02.003.01,Mengoperasikan sistem operasi,010201
DATA MANAGEMENT SYSTEM,DATA ENTRY OPERATOR,TIK.OP02.006.01,Mengoperasikan Penelusur Web (Web Browser),010201
DATA MANAGEMENT SYSTEM,DATA ENTRY OPERATOR,TIK.OP02.007.01,Mengoperasikan piranti lunak klien e-mail (e-mail client),010201
DATA MANAGEMENT SYSTEM,DATA ENTRY OPERATOR,TIK.OP02.011.01,Mengoperasikan piranti lunak presentasi,010201
DATA MANAGEMENT SYSTEM,DATA ENTRY OPERATOR,TIK.OP02.012.01,Mengoperasikan piranti lunak pengolah kata - tingkat maju,010201
DATA MANAGEMENT SYSTEM,DATA ENTRY OPERATOR,TIK.OP02.013.01,Mengoperasikan piranti lunak lembar sebar - tingkat maju,010201
DATA MANAGEMENT SYSTEM,DATA ENTRY CLERK,TIK.OP01.001.01,Mengetik pada papan ketik (keyboard) standar,010101
DATA MANAGEMENT SYSTEM,DATA ENTRY CLERK,TIK.OP01.002.01,Mengidentifikasi aspek kode etik dan HAKI dibidang TIK,010101
DATA MANAGEMENT SYSTEM,DATA ENTRY CLERK,TIK.OP01.003.01,Mendeskripsikan kewaspasdaan terhadap keamanan informasi,010101
DATA MANAGEMENT SYSTEM,DATA ENTRY CLERK,TIK.OP01.004.01,Mengidentifikasi sistem dan prosedur pengelolaan infrastruktur komputer,010101
DATA MANAGEMENT SYSTEM,DATA ENTRY CLERK,TIK.OP01.005.01,Mengimplementasikan sistem keamanan dan keselamatan pada pengoperasian komputer,010101
DATA MANAGEMENT SYSTEM,DATA ENTRY CLERK,TIK.OP02.001.01,Mengoperasikan komputer personal yang berdiri sendiri (PC stand alone),010101
DATA MANAGEMENT SYSTEM,DATA ENTRY CLERK,TIK.OP02.002.01,Mengoperasikan Printer,010101
DATA MANAGEMENT SYSTEM,DATA ENTRY CLERK,TIK.OP02.003.01,Mengoperasikan sistem operasi,010101
DATA MANAGEMENT SYSTEM,DATA ENTRY CLERK,TIK.OP02.004.01,Mengoperasikan piranti lunak pengolah kata (word processor) - tingkat dasar,010101
DATA MANAGEMENT SYSTEM,DATA ENTRY CLERK,TIK.OP02.005.01,Mengoperasikan piranti lunak lembar sebar (spreadsheet) - tingkat dasar,010101
DATA MANAGEMENT SYSTEM,DATA ENTRY CLERK,TIK.OP02.008.01,Mengidentifikasi komponen sistem komputer tingkat dasar (PC),010101
HARDWARE AND DIGITAL PERIPHERALS,COMPUTER MAINTENANCE STAFF,CUADIG201,Maintain interactive content,030301
HARDWARE AND DIGITAL PERIPHERALS,COMPUTER MAINTENANCE STAFF,ICTCBL236,"Install, maintain and modify customer premises communications cabling: ACMA Restricted Rule",030301
HARDWARE AND DIGITAL PERIPHERALS,COMPUTER MAINTENANCE STAFF,ICTSAS201,"Maintain inventories for equipment, software and documentation",030301
HARDWARE AND DIGITAL PERIPHERALS,COMPUTER MAINTENANCE STAFF,ICTSAS205,Maintain ICT system integrity,030301
HARDWARE AND DIGITAL PERIPHERALS,COMPUTER MAINTENANCE STAFF,ICTSAS208,Maintain ICT equipment and consumables,030301
HARDWARE AND DIGITAL PERIPHERALS,NETWORK CONTROL ANALYST ASSISTANT,ICTCBL215,Joint metallic conductor cable in access network,030302
HARDWARE AND DIGITAL PERIPHERALS,NETWORK CONTROL ANALYST ASSISTANT,ICTSAS209,Connect and use a home based local wireless network,030302
HARDWARE AND DIGITAL PERIPHERALS,NETWORK CONTROL ANALYST ASSISTANT,ICTTCR201,Use rigging practices and systems on telecommunications network structures,030302
HARDWARE AND DIGITAL PERIPHERALS,NETWORK CONTROL ANALYST ASSISTANT,ICTTEN203,Install and configure a home or small office network,030302
HARDWARE AND DIGITAL PERIPHERALS,NETWORK CONTROL ANALYST ASSISTANT,ICTTEN204,Install and configure a small to medium business network,030302
HARDWARE AND DIGITAL PERIPHERALS,NETWORK CONTROL ANALYST ASSISTANT,ICTTEN205,Build and maintain a secure network,030302
HARDWARE AND DIGITAL PERIPHERALS,NETWORK CONTROL ANALYST ASSISTANT,ICTTEN207,Install and test internet protocol devices in convergence networks,030302
HARDWARE AND DIGITAL PERIPHERALS,BYOD SUPPORT SPECIALIST,BSBSUS201A,Participate in environmentally sustainable work practices,030201
HARDWARE AND DIGITAL PERIPHERALS,BYOD SUPPORT SPECIALIST,ICAICT103A,"Use, communicate and search securely on the internet",030201
HARDWARE AND DIGITAL PERIPHERALS,BYOD SUPPORT SPECIALIST,ICAICT201A,Use computer operating systems and hardware,030201
HARDWARE AND DIGITAL PERIPHERALS,BYOD SUPPORT SPECIALIST,ICAICT207A,Integrate commercial computing packages,030201
HARDWARE AND DIGITAL PERIPHERALS,BYOD SUPPORT SPECIALIST,ICASAS201A,"Maintain inventories for equipment, software and documentation",030201
HARDWARE AND DIGITAL PERIPHERALS,BYOD SUPPORT SPECIALIST,ICASAS202A,Apply problem-solving techniques to routine IT malfunctions,030201
HARDWARE AND DIGITAL PERIPHERALS,PERSONAL COMPUTER SPECIALIST,BSBWOR301B,Organise personal work priorities and development,030202
HARDWARE AND DIGITAL PERIPHERALS,PERSONAL COMPUTER SPECIALIST,ICADBS401A,Identify physical database requirements,030202
HARDWARE AND DIGITAL PERIPHERALS,PERSONAL COMPUTER SPECIALIST,ICADBS404A,Identify and resolve common database performance problems,030202
HARDWARE AND DIGITAL PERIPHERALS,PERSONAL COMPUTER SPECIALIST,ICADBS407A,Monitor physical database implementation,030202
HARDWARE AND DIGITAL PERIPHERALS,PERSONAL COMPUTER SPECIALIST,ICAPRG512A,Prepare for the build phase of an IT system,030202
HARDWARE AND DIGITAL PERIPHERALS,PERSONAL COMPUTER SPECIALIST,ICAPRG513A,Coordinate the build phase of an IT system,030202
HARDWARE AND DIGITAL PERIPHERALS,COMPUTER MAINTENANCE CLERK,HLTAID002,Provide basic emergency life support,030101
HARDWARE AND DIGITAL PERIPHERALS,COMPUTER MAINTENANCE CLERK,HLTAID003,Provide first aid,030101
HARDWARE AND DIGITAL PERIPHERALS,COMPUTER MAINTENANCE CLERK,ICTSS00082,Fibre Splicer Skill Set,030101
HARDWARE AND DIGITAL PERIPHERALS,COMPUTER MAINTENANCE CLERK,ICTSS00083,Underground Installations Skill Set,030101
INFORMATION SYSTEM AND TECHNOLOGY DEVELOPMENT,INFORMATION MANAGEMENT STAFF,JANCO423,maintain Document  information  management,060301
INFORMATION SYSTEM AND TECHNOLOGY DEVELOPMENT,INFORMATION MANAGEMENT STAFF,JANCO425,"maintain process incoming and outgoing correspondence, assist with electronic conversion of documents",060301
INFORMATION SYSTEM AND TECHNOLOGY DEVELOPMENT,INFORMATION MANAGEMENT STAFF,JANCO426,maintain process the archiving and disposal of records in,060301
INFORMATION SYSTEM AND TECHNOLOGY DEVELOPMENT,INFORMATION MANAGEMENT STAFF,JANCO448,"Participate in the development, implementation and review of information management needs and solutions",060301
INFORMATION SYSTEM AND TECHNOLOGY DEVELOPMENT,INFORMATION SYSTEM AND TECHNOLOGY ADMINISTRATOR,JANCO402,establishing system access and security procedures,060201
INFORMATION SYSTEM AND TECHNOLOGY DEVELOPMENT,INFORMATION SYSTEM AND TECHNOLOGY ADMINISTRATOR,JANCO431,manage an organisation's IT systems to ensure they operate effectively and efficiently,060201
INFORMATION SYSTEM AND TECHNOLOGY DEVELOPMENT,INFORMATION SYSTEM AND TECHNOLOGY ADMINISTRATOR,JANCO436,manage regular data backups,060201
INFORMATION SYSTEM AND TECHNOLOGY DEVELOPMENT,INFORMATION SYSTEM AND TECHNOLOGY ADMINISTRATOR,JANCO480,testing new equipment and training other staff members,060201
INFORMATION SYSTEM AND TECHNOLOGY DEVELOPMENT,INFORMATION SYSTEM AND TECHNOLOGY ADMINISTRATOR,JANCO485,updating software and equipment,060201
INFORMATION SYSTEM AND TECHNOLOGY DEVELOPMENT,INFORMATION MANAGEMENT CLERK,JANCO360,Answer questions from customers and the public about products or services,060101
INFORMATION SYSTEM AND TECHNOLOGY DEVELOPMENT,INFORMATION MANAGEMENT CLERK,JANCO365,"Collect and record data from customers, staff, and the public",060101
INFORMATION SYSTEM AND TECHNOLOGY DEVELOPMENT,INFORMATION MANAGEMENT CLERK,JANCO403,Filing  paper or electronic records and information,060101
INFORMATION SYSTEM AND TECHNOLOGY DEVELOPMENT,INFORMATION MANAGEMENT CLERK,JANCO422,maintain and update records,060101
INFORMATION SYSTEM AND TECHNOLOGY DEVELOPMENT,INFORMATION MANAGEMENT CLERK,JANCO456,"Prepare routine office correspondence, reports, claims, bills, or orders",060101
INTEGRATION APPLICATION SYSTEM,APPLICATION MANAGEMENT STAFF,,,
INTEGRATION APPLICATION SYSTEM,APPLICATION MANAGEMENT CLERK,,,
INTEGRATION APPLICATION SYSTEM,SYSTEM INTEGRATION CLERK,,,
IT AND COMPUTING FACILITIES MANAGEMENT,IT ADMINISTRATIVE ASSISTANT,TIK.OP01.005.01,Mengimplementasikan sistem keamanan dan keselamatan pada pengoperasian komputer,120303
IT AND COMPUTING FACILITIES MANAGEMENT,IT ADMINISTRATIVE ASSISTANT,TIK.OP02.001.01,Mengoperasikan komputer personal yang berdiri sendiri (PC stand alone),120303
IT AND COMPUTING FACILITIES MANAGEMENT,IT ADMINISTRATIVE ASSISTANT,TIK.OP02.002.01,Mengoperasikan Printer,120303
IT AND COMPUTING FACILITIES MANAGEMENT,IT ADMINISTRATIVE ASSISTANT,TIK.OP02.004.01,Mengoperasikan piranti lunak pengolah kata (word processor) - tingkat dasar,120303
IT AND COMPUTING FACILITIES MANAGEMENT,IT ADMINISTRATIVE ASSISTANT,TIK.OP02.005.01,Mengoperasikan piranti lunak lembar sebar (spreadsheet) - tingkat dasar,120303
IT AND COMPUTING FACILITIES MANAGEMENT,IT ADMINISTRATIVE ASSISTANT,TIK.OP02.007.01,Mengoperasikan piranti lunak klien e-mail (e-mail client),120303
IT AND COMPUTING FACILITIES MANAGEMENT,IT ADMINISTRATIVE ASSISTANT,TIK.OP02.017.01,Melakukan penanganan awal (Troubleshooting) atas masalah pada PC,120303
IT AND COMPUTING FACILITIES MANAGEMENT,JUNIOR TECHNICAL SUPPORT PUSAT DATA (DATA CENTER TECHNICAL SUPPORT JUNIOR),J.620900.001.02,Mengidentikasi Perangkat Penyusun Komputer,120302
IT AND COMPUTING FACILITIES MANAGEMENT,JUNIOR TECHNICAL SUPPORT PUSAT DATA (DATA CENTER TECHNICAL SUPPORT JUNIOR),J.620900.006.01,Melakukan Inventarisasi Hardware,120302
IT AND COMPUTING FACILITIES MANAGEMENT,JUNIOR TECHNICAL SUPPORT PUSAT DATA (DATA CENTER TECHNICAL SUPPORT JUNIOR),J.620900.007.02,Melakukan Inventarisasi Software,120302
IT AND COMPUTING FACILITIES MANAGEMENT,JUNIOR TECHNICAL SUPPORT PUSAT DATA (DATA CENTER TECHNICAL SUPPORT JUNIOR),J.620900.017.02,Memperbaiki CPU,120302
IT AND COMPUTING FACILITIES MANAGEMENT,JUNIOR TECHNICAL SUPPORT PUSAT DATA (DATA CENTER TECHNICAL SUPPORT JUNIOR),J.620900.024.02,Melakukan Setting BIOS,120302
IT AND COMPUTING FACILITIES MANAGEMENT,JUNIOR TECHNICAL SUPPORT PUSAT DATA (DATA CENTER TECHNICAL SUPPORT JUNIOR),J.620900.025.02,Melakukan Instalasi Sistem Operasi,120302
IT AND COMPUTING FACILITIES MANAGEMENT,JUNIOR TECHNICAL SUPPORT PUSAT DATA (DATA CENTER TECHNICAL SUPPORT JUNIOR),J.620900.026.02,Melakukan Instalasi Software Aplikasi,120302
IT AND COMPUTING FACILITIES MANAGEMENT,JUNIOR TECHNICAL SUPPORT PUSAT DATA (DATA CENTER TECHNICAL SUPPORT JUNIOR),J.620900.031.02,Merawat Sistem Operasi,120302
IT AND COMPUTING FACILITIES MANAGEMENT,JUNIOR TECHNICAL SUPPORT PUSAT DATA (DATA CENTER TECHNICAL SUPPORT JUNIOR),J.620900.032.02,Melakukan Restore Sistem Operasi,120302
IT AND COMPUTING FACILITIES MANAGEMENT,JUNIOR TECHNICAL SUPPORT PUSAT DATA (DATA CENTER TECHNICAL SUPPORT JUNIOR),J.620900.033.02,Melakukan Backup Data dan Sistem,120302
IT AND COMPUTING FACILITIES MANAGEMENT,"STAF OPERASI PUSAT DATA 
(DATA CENTER  OPERATIONS STAFF)",J.631100.009.01,Mengelola Keselamatan Kerja,120301
IT AND COMPUTING FACILITIES MANAGEMENT,"STAF OPERASI PUSAT DATA 
(DATA CENTER  OPERATIONS STAFF)",J.631100.010.01,Mengelola Keamanan Fisik Pusat Data,120301
IT AND COMPUTING FACILITIES MANAGEMENT,"STAF OPERASI PUSAT DATA 
(DATA CENTER  OPERATIONS STAFF)",J.631100.011.01,Mengelola Kegiatan Operasi Pusat Data Harian,120301
IT AND COMPUTING FACILITIES MANAGEMENT,"STAF OPERASI PUSAT DATA 
(DATA CENTER  OPERATIONS STAFF)",J.631100.012.01,Mengelola Kegiatan Pembersihan Pusat Data,120301
IT AND COMPUTING FACILITIES MANAGEMENT,"STAF OPERASI PUSAT DATA 
(DATA CENTER  OPERATIONS STAFF)",J.631100.013.01,Mengelola Siklus Hidup Peralatan dan Perangkat Pusat Data,120301
IT AND COMPUTING FACILITIES MANAGEMENT,"STAF OPERASI PUSAT DATA 
(DATA CENTER  OPERATIONS STAFF)",J.631100.014.01,Mengelola Kegiatan Perawatan Pusat Data,120301
IT AND COMPUTING FACILITIES MANAGEMENT,IT FACILITIES MANAGEMENT ADMINISTRATOR,TIK.2017.004,Melakukan kontrak administrasi perawatan komputer dalam perusahaan.,120201
IT AND COMPUTING FACILITIES MANAGEMENT,IT FACILITIES MANAGEMENT ADMINISTRATOR,TIK.2017.007,Memantau pelaksanaan kontrak perawatan komputer.,120201
IT AND COMPUTING FACILITIES MANAGEMENT,IT FACILITIES MANAGEMENT ADMINISTRATOR,TIK.2017.051,Menyiapkan korespondensi yang berkaitan dengan kontrak perawatan komputer dengan subkontraktor dan penyedia layanan.,120201
IT AND COMPUTING FACILITIES MANAGEMENT,IT FACILITIES MANAGEMENT ADMINISTRATOR,TIK.CS01.010.01,"Membuat laporan kerja perakitan, perawatan dan perbaikan",120201
IT AND COMPUTING FACILITIES MANAGEMENT,IT FACILITIES MANAGEMENT CLERK,J.62090.024,Melaksanakan Pencatatan Asset,120101
IT AND COMPUTING FACILITIES MANAGEMENT,IT FACILITIES MANAGEMENT CLERK,J.620900.006.01,Melakukan Inventarisasi Hardware,120101
IT AND COMPUTING FACILITIES MANAGEMENT,IT FACILITIES MANAGEMENT CLERK,J.620900.007.02,Melakukan Inventarisasi Software,120101
IT AND COMPUTING FACILITIES MANAGEMENT,IT FACILITIES MANAGEMENT CLERK,TIK.CS01.004.01,Menggunakan Alat Ukur atau Alat Bantu untuk Proses Perawatan dan Perbaikan,120101
IT AND COMPUTING FACILITIES MANAGEMENT,IT FACILITIES MANAGEMENT CLERK,TIK.JK05.002.01,Melaksanakan prosedur perawatan,120101
IT CONSULTANCY AND ADVISORY,IT CONSULTANCY STAFF,ICTICT202,Work and communicate effectively in an ICT environment,160301
IT CONSULTANCY AND ADVISORY,IT CONSULTANCY STAFF,ICTICT204,Operate a digital media technology package,160301
IT CONSULTANCY AND ADVISORY,IT CONSULTANCY STAFF,ICTICT205,Design basic organisational documents using computing packages,160301
IT CONSULTANCY AND ADVISORY,IT CONSULTANCY STAFF,ICTICT209,Interact with ICT clients,160301
IT CONSULTANCY AND ADVISORY,IT ADMINISTRATOR,ICTICT101,Operate a personal computer,160201
IT CONSULTANCY AND ADVISORY,IT ADMINISTRATOR,ICTICT102,Operate word-processing applications,160201
IT CONSULTANCY AND ADVISORY,IT ADMINISTRATOR,ICTICT103,"Use, communicate and search securely on the internet",160201
IT CONSULTANCY AND ADVISORY,IT ADMINISTRATOR,ICTICT104,Use digital devices,160201
IT CONSULTANCY AND ADVISORY,IT ADMINISTRATOR,ICTICT105,Operate spreadsheet applications,160201
IT CONSULTANCY AND ADVISORY,IT ADMINISTRATOR,ICTICT106,Operate presentation packages,160201
IT CONSULTANCY AND ADVISORY,IT ADMINISTRATOR,ICTICT107,Use personal productivity tools,160201
IT CONSULTANCY AND ADVISORY,IT ADMINISTRATOR,ICTICT108,Use digital literacy skills to access the internet,160201
IT CONSULTANCY AND ADVISORY,IT CONSULTANCY CLERK,ICTICT101,Operate a personal computer,160101
IT CONSULTANCY AND ADVISORY,IT CONSULTANCY CLERK,ICTICT104,Use digital devices,160101
IT CONSULTANCY AND ADVISORY,IT CONSULTANCY CLERK,ICTSS00083,Underground Installations Skill Set,160101
IT ENTERPRISE ARCHITECTURE,IT ARCHITECTURE STAFF,JANCO399,Establishes procedures to enable tracking and enforcement of information standards.,090301
IT ENTERPRISE ARCHITECTURE,IT ARCHITECTURE STAFF,JANCO449,"Participates in the analysis, evaluation and development of enterprise long range strategic plans and operating plans to insure that the enterprise architecture objectives are consistent with long term business objectives",090301
IT ENTERPRISE ARCHITECTURE,IT ENTERPRISE ARCHITECTURE ADMINISTRATOR,JANCO419,"Leads the development and maintenance of information management standards and conventions (e.g., naming standards, information architecture gates in the IT development projects, etc).",090201
IT ENTERPRISE ARCHITECTURE,IT ENTERPRISE ARCHITECTURE ADMINISTRATOR,JANCO427,"Maintains a library of the enterprise information models (i.e., information models, information flows, data dictionaries, etc) and develops/enforces the change control process for the Enterprise Information Architecture artifacts",090201
IT ENTERPRISE ARCHITECTURE,IT ENTERPRISE ARCHITECTURE ADMINISTRATOR,JANCO463,Provides information administration guidelines and standards for business requirements analysis and enterprise modeling,090201
IT ENTERPRISE ARCHITECTURE,IT ENTERPRISE MANAGEMENT CLERK,JANCO396,Ensures system alignment with the information lifecycle.,090101
IT ENTERPRISE ARCHITECTURE,IT ENTERPRISE MANAGEMENT CLERK,JANCO453,Performs all responsibilities within the guidelines of enterprise policies and directives at or above the enterprise's performance and evaluation standard,090101
IT ENTERPRISE ARCHITECTURE,IT ENTERPRISE MANAGEMENT CLERK,JANCO473,Serves as a key member of the Enterprise Architecture Team.,090101
IT GOVERNANCE AND MANAGEMENT,IT MANAGEMENT STAFF,JANCO003,"Adheres to all established enterprise, division and departmental policies, standards and procedures",070301
IT GOVERNANCE AND MANAGEMENT,IT MANAGEMENT STAFF,JANCO395,Displays initiative without requiring external motivation.,070301
IT GOVERNANCE AND MANAGEMENT,IT MANAGEMENT STAFF,JANCO404,Gain an overall understanding of the various functional activities performed within Information Technology.,070301
IT GOVERNANCE AND MANAGEMENT,IT MANAGEMENT STAFF,JANCO406,Gain an understanding of the customer functional areas and their relationships with Information Technology for each of the assigned departments.,070301
IT GOVERNANCE AND MANAGEMENT,IT MANAGEMENT STAFF,JANCO407,Has a working knowledge of all job functions and performs at a high degree of proficiency.,070301
IT GOVERNANCE AND MANAGEMENT,IT MANAGEMENT STAFF,JANCO408,Has excellent problem solving skills and can resolve problems of moderate complexity and will implement solutions with minimal guidance.,070301
IT GOVERNANCE AND MANAGEMENT,IT MANAGEMENT STAFF,JANCO409,Has the ability to lead and direct others in assignments of moderate complexity.,070301
IT GOVERNANCE AND MANAGEMENT,IT MANAGEMENT STAFF,JANCO420,"Learn the assigned department's functions, organization and role within Information Technology",070301
IT GOVERNANCE AND MANAGEMENT,IT MANAGEMENT STAFF,JANCO447,Participate in team activities to the extent required by the assignment.,070301
IT GOVERNANCE AND MANAGEMENT,IT MANAGEMENT STAFF,JANCO450,Perform all responsibilities within the guidelines of corporate policies and directives at or above the enterprise's performance and evaluation standards,070301
IT GOVERNANCE AND MANAGEMENT,IT MANAGEMENT STAFF,JANCO451,Perform at or above company performance standards as established within the department,070301
IT GOVERNANCE AND MANAGEMENT,IT MANAGEMENT STAFF,JANCO469,Requires minimal supervision and guidance.,070301
IT GOVERNANCE AND MANAGEMENT,IT MANAGEMENT STAFF,JANCO470,Results oriented.,070301
IT GOVERNANCE AND MANAGEMENT,IT MANAGEMENT STAFF,JANCO479,"Support the assigned departments in performing analysis, planning, accounting, budgeting, reporting, coordinating, software engineering and other business processes.",070301
IT GOVERNANCE AND MANAGEMENT,IT GOVERNANCE AND MANAGEMENT ADMINISTRATOR,,,
IT GOVERNANCE AND MANAGEMENT,IT MANAGEMENT CLERK,JANCO003,"Adheres to all established enterprise, division and departmental policies, standards and procedures",070101
IT GOVERNANCE AND MANAGEMENT,IT MANAGEMENT CLERK,JANCO395,Displays initiative without requiring external motivation.,070101
IT GOVERNANCE AND MANAGEMENT,IT MANAGEMENT CLERK,JANCO404,Gain an overall understanding of the various functional activities performed within Information Technology.,070101
IT GOVERNANCE AND MANAGEMENT,IT MANAGEMENT CLERK,JANCO405,Gain an understanding of the customer functional areas and their relationships with Information Technology for each of the assigned departments.,070101
IT GOVERNANCE AND MANAGEMENT,IT MANAGEMENT CLERK,JANCO407,Has a working knowledge of all job functions and performs at a high degree of proficiency.,070101
IT GOVERNANCE AND MANAGEMENT,IT MANAGEMENT CLERK,JANCO408,Has excellent problem solving skills and can resolve problems of moderate complexity and will implement solutions with minimal guidance.,070101
IT GOVERNANCE AND MANAGEMENT,IT MANAGEMENT CLERK,JANCO409,Has the ability to lead and direct others in assignments of moderate complexity.,070101
IT GOVERNANCE AND MANAGEMENT,IT MANAGEMENT CLERK,JANCO420,"Learn the assigned department's functions, organization and role within Information Technology",070101
IT GOVERNANCE AND MANAGEMENT,IT MANAGEMENT CLERK,JANCO446,Participate in team activities to the extent required by the assignment.,070101
IT GOVERNANCE AND MANAGEMENT,IT MANAGEMENT CLERK,JANCO450,Perform all responsibilities within the guidelines of corporate policies and directives at or above the enterprise's performance and evaluation standards,070101
IT GOVERNANCE AND MANAGEMENT,IT MANAGEMENT CLERK,JANCO451,Perform at or above company performance standards as established within the department,070101
IT GOVERNANCE AND MANAGEMENT,IT MANAGEMENT CLERK,JANCO470,Results oriented.,070101
IT GOVERNANCE AND MANAGEMENT,IT MANAGEMENT CLERK,JANCO479,"Support the assigned departments in performing analysis, planning, accounting, budgeting, reporting, coordinating, software engineering and other business processes.",070101
IT MOBILITY AND INTERNET OF THINGS,"JUNIOR MOBILE COMPUTING
(MOBILE COMPUTING JUNIOR)",J.612000.001,Menunjukkan Platform Operating System dan Bahasa Pemrograman di dalam Perangkat Lunak,140301
IT MOBILITY AND INTERNET OF THINGS,"JUNIOR MOBILE COMPUTING
(MOBILE COMPUTING JUNIOR)",J.612000.003,Merancang Database dan Data Persistence pada  Mobile Data,140301
IT MOBILITY AND INTERNET OF THINGS,"JUNIOR MOBILE COMPUTING
(MOBILE COMPUTING JUNIOR)",J.612000.006,"Menyusun Mobile location Based Service, GPS dan Mobile Navigation.",140301
IT MOBILITY AND INTERNET OF THINGS,"JUNIOR MOBILE COMPUTING
(MOBILE COMPUTING JUNIOR)",J.612000.007,Merancang Mobile Interface,140301
IT MOBILITY AND INTERNET OF THINGS,"JUNIOR MOBILE COMPUTING
(MOBILE COMPUTING JUNIOR)",J.612000.008,Menjelaskan Dasar-dasar Mobile Security,140301
IT MOBILITY AND INTERNET OF THINGS,"JUNIOR MOBILE COMPUTING
(MOBILE COMPUTING JUNIOR)",J.612000.022,Menjelaskan Mobile Sensor dan Spesifikasi Teknisnya untuk Mobile Computing,140301
IT MOBILITY AND INTERNET OF THINGS,"JUNIOR MOBILE COMPUTING
(MOBILE COMPUTING JUNIOR)",J.612000.025,Menentukan Mobile Seluler Network,140301
IT MOBILITY AND INTERNET OF THINGS,IOT OPERATOR,,,
IT MOBILITY AND INTERNET OF THINGS,MOBILE PROGRAMMING CLERK,J.612000.001,Menunjukkan Platform Operating System dan Bahasa Pemrograman di dalam Perangkat Lunak,140101
IT MOBILITY AND INTERNET OF THINGS,MOBILE PROGRAMMING CLERK,J.612000.002,Merancang Mobile Network Programming,140101
IT MOBILITY AND INTERNET OF THINGS,MOBILE PROGRAMMING CLERK,J.612000.003,Merancang Database dan Data Persistence pada  Mobile Data,140101
IT MOBILITY AND INTERNET OF THINGS,MOBILE PROGRAMMING CLERK,J.612000.004,Membuat Multimedia Messaging Application pada Mobile Computing,140101
IT MOBILITY AND INTERNET OF THINGS,MOBILE PROGRAMMING CLERK,J.612000.007,Merancang Mobile Interface,140101
IT MOBILITY AND INTERNET OF THINGS,MOBILE PROGRAMMING CLERK,J.612000.015,Membuat Mobile Unified Communication,140101
IT MOBILITY AND INTERNET OF THINGS,MOBILE PROGRAMMING CLERK,J.612000.017,Membuat Mobile Digital Media,140101
IT MOBILITY AND INTERNET OF THINGS,MOBILE PROGRAMMING CLERK,J.612000.018,Merancang Penggunaan dan Pengembangan Mobile API,140101
IT MOBILITY AND INTERNET OF THINGS,MOBILE PROGRAMMING CLERK,J.612000.023,Menentukan Cara Kerja Integrated Mobile Features,140101
IT MOBILITY AND INTERNET OF THINGS,MOBILE PROGRAMMING CLERK,J.612000.024,Menunjukkan Cara Kerja Kartu Cerdas,140101
IT MULTEMEDIA,"DIGITAL ARTIST JUNIOR 
(JUNIOR DIGITAL ARTIST)",M.74100.001.02,Mengaplikasikan Prinsip Dasar Desain,130301
IT MULTEMEDIA,"DIGITAL ARTIST JUNIOR 
(JUNIOR DIGITAL ARTIST)",M.74100.002.02,Menerapkan Prinsip Dasar Komunikasi,130301
IT MULTEMEDIA,"DIGITAL ARTIST JUNIOR 
(JUNIOR DIGITAL ARTIST)",M.74100.010.01,Menciptakan Karya Desain,130301
IT MULTEMEDIA,"DIGITAL ARTIST JUNIOR 
(JUNIOR DIGITAL ARTIST)",TIK.MM01.005.01,Mengidentifikasi komponen multimedia,130301
IT MULTEMEDIA,"DIGITAL ARTIST JUNIOR 
(JUNIOR DIGITAL ARTIST)",TIK.MM02.007.01,Merawat daya battery dan stok video untuk sebuah shooting,130301
IT MULTEMEDIA,"DIGITAL ARTIST JUNIOR 
(JUNIOR DIGITAL ARTIST)",TIK.MM02.008.01,Mengkoordinir dan mengisi stok film,130301
IT MULTEMEDIA,"DIGITAL ARTIST JUNIOR 
(JUNIOR DIGITAL ARTIST)",TIK.MM02.053.01,Membuat dan memanipulasi gambar-gambar digital,130301
IT MULTEMEDIA,"DIGITAL ARTIST JUNIOR 
(JUNIOR DIGITAL ARTIST)",TIK.OP02.019.01,Mengoperasikan Piranti Lunak pengolah gambar vektor,130301
IT MULTEMEDIA,DIGITAL IMAGING,J.LSPK.MM003.01,Mentrasfer file multimedia kedalam sistem Komputer (SK),130302
IT MULTEMEDIA,DIGITAL IMAGING,M.74100.002.02,Menerapkan Prinsip Dasar Komunikasi,130302
IT MULTEMEDIA,DIGITAL IMAGING,M.74100.010.01,Menciptakan Karya Desain,130302
IT MULTEMEDIA,DIGITAL IMAGING,TIK.MM01.008.01,Menerapkan prinsip - prinsip rancangan visual,130302
IT MULTEMEDIA,DIGITAL IMAGING,TIK.MM02.010.01,Men-set-up sebuah kamera,130302
IT MULTEMEDIA,DIGITAL IMAGING,TIK.MM02.053.01,Membuat dan memanipulasi gambar-gambar digital,130302
IT MULTEMEDIA,DIGITAL IMAGING,TIK.OP02.002.01,Mengoperasikan Printer,130302
IT MULTEMEDIA,DIGITAL IMAGING,TIK.OP02.015.01,Mempergunakan perangkat keras dan piranti lunak untuk memindai dokumen gambar,130302
IT MULTEMEDIA,DIGITAL IMAGING,TIK.OP02.019.01,Mengoperasikan Piranti Lunak pengolah gambar vektor,130302
IT MULTEMEDIA,TEKNISI AUDIOVISUAL (AUDIOVISUAL TECHNICIAN),M.74100.002.02,Menerapkan Prinsip Dasar Komunikasi,130303
IT MULTEMEDIA,TEKNISI AUDIOVISUAL (AUDIOVISUAL TECHNICIAN),TIK.AVT1.01.2016,Mengoperasikan LCD Proyektor (SK),130303
IT MULTEMEDIA,TEKNISI AUDIOVISUAL (AUDIOVISUAL TECHNICIAN),TIK.AVT2.01.2016,Mengoperasikan Sound Mixer (SK),130303
IT MULTEMEDIA,TEKNISI AUDIOVISUAL (AUDIOVISUAL TECHNICIAN),TIK.AVT3.01.2016,Mentrasfer Aset multimedia kedalam sistem Komputer (SK),130303
IT MULTEMEDIA,TEKNISI AUDIOVISUAL (AUDIOVISUAL TECHNICIAN),TIK.MM01.004.01,Memperagakan pengetahuan dan syarat - syarat multimedia,130303
IT MULTEMEDIA,TEKNISI AUDIOVISUAL (AUDIOVISUAL TECHNICIAN),TIK.MM01.005.01,Mengidentifikasi komponen multimedia,130303
IT MULTEMEDIA,TEKNISI AUDIOVISUAL (AUDIOVISUAL TECHNICIAN),TIK.MM02.010.01,Men-set-up sebuah kamera,130303
IT MULTEMEDIA,TEKNISI AUDIOVISUAL (AUDIOVISUAL TECHNICIAN),TIK.MM02.017.01,Membuat dan merealisasikan rancangan pencahayaan,130303
IT MULTEMEDIA,TEKNISI AUDIOVISUAL (AUDIOVISUAL TECHNICIAN),TIK.MM02.039.01,Men-set-up dan mengoperasikan kamera video dasar,130303
IT MULTEMEDIA,TEKNISI AUDIOVISUAL (AUDIOVISUAL TECHNICIAN),TIK.MM02.058.01,Mengelola aset multimedia,130303
IT MULTEMEDIA,TEKNISI AUDIOVISUAL (AUDIOVISUAL TECHNICIAN),TIK.OP02.001.01,Mengoperasikan komputer personal yang berdiri sendiri (PC stand alone),130303
IT MULTEMEDIA,ANIMATOR MUDA (JUNIOR ANIMATOR),M.74100.002.02,Menerapkan Prinsip Dasar Komunikasi,130202
IT MULTEMEDIA,ANIMATOR MUDA (JUNIOR ANIMATOR),TIK.MM01.008.01,Menerapkan prinsip - prinsip rancangan visual,130202
IT MULTEMEDIA,ANIMATOR MUDA (JUNIOR ANIMATOR),TIK.MM01.009.01,Menerapkan prinsip - prinsip rancangan instruksional,130202
IT MULTEMEDIA,ANIMATOR MUDA (JUNIOR ANIMATOR),TIK.MM02.011.01,Membuat storyboard untuk animasi,130202
IT MULTEMEDIA,ANIMATOR MUDA (JUNIOR ANIMATOR),TIK.MM02.012.01,Membuat tata - letak gambar untuk animasi,130202
IT MULTEMEDIA,ANIMATOR MUDA (JUNIOR ANIMATOR),TIK.MM02.032.01,"Membuat, memanipulasi, dan menggabung gambar 2D",130202
IT MULTEMEDIA,ANIMATOR MUDA (JUNIOR ANIMATOR),TIK.MM02.054.01,Membuat animasi digital 2D,130202
IT MULTEMEDIA,DESAINER MULTIMEDIA MUDA (JUNIOR MULTIMEDIA DESIGNER),M.74100.002.02,Menerapkan Prinsip Dasar Komunikasi,130201
IT MULTEMEDIA,DESAINER MULTIMEDIA MUDA (JUNIOR MULTIMEDIA DESIGNER),TIK.MM01.004.01,Memperagakan pengetahuan dan syarat - syarat multimedia,130201
IT MULTEMEDIA,DESAINER MULTIMEDIA MUDA (JUNIOR MULTIMEDIA DESIGNER),TIK.MM01.005.01,Mengidentifikasi komponen multimedia,130201
IT MULTEMEDIA,DESAINER MULTIMEDIA MUDA (JUNIOR MULTIMEDIA DESIGNER),TIK.MM01.007.01,Memilih dan memakai software dan hardware untuk multimedia,130201
IT MULTEMEDIA,DESAINER MULTIMEDIA MUDA (JUNIOR MULTIMEDIA DESIGNER),TIK.MM01.008.01,Menerapkan prinsip - prinsip rancangan visual,130201
IT MULTEMEDIA,DESAINER MULTIMEDIA MUDA (JUNIOR MULTIMEDIA DESIGNER),TIK.MM01.009.01,Menerapkan prinsip - prinsip rancangan instruksional,130201
IT MULTEMEDIA,DESAINER MULTIMEDIA MUDA (JUNIOR MULTIMEDIA DESIGNER),TIK.MM02.027.01,Membuat sebuah produk multimedia,130201
IT MULTEMEDIA,DESAINER MULTIMEDIA MUDA (JUNIOR MULTIMEDIA DESIGNER),TIK.MM02.069.01,Menggabungkan teks kedalam sajian multimedia,130201
IT MULTEMEDIA,DESAINER MULTIMEDIA MUDA (JUNIOR MULTIMEDIA DESIGNER),TIK.MM02.070.01,Menggabungkan gambar 2D kedalam sajian multimedia,130201
IT MULTEMEDIA,DESAINER MULTIMEDIA MUDA (JUNIOR MULTIMEDIA DESIGNER),TIK.MM02.072.01,Menggabungkan audio ke dalam sajian multimedia,130201
IT MULTEMEDIA,MULTIMEDIA MANAGEMENT CLERK,,,
IT PROJECT MANAGEMENT,IT PROJECT MANAGEMENT STAFF,M.702090.007.01,Mengelola Komunikasi Proyek (Project Communication Management),080301
IT PROJECT MANAGEMENT,IT PROJECT MANAGEMENT STAFF,TIK.2017.011,Membuat laporan administratif.,080301
IT PROJECT MANAGEMENT,IT PROJECT MANAGEMENT STAFF,TIK.2017.030,Mengelola penjadwalan dan manajemen risiko,080301
IT PROJECT MANAGEMENT,IT PROJECT MANAGEMENT STAFF,TIK.2017.031,"Mengelola rencana, proses dan dokumen proyek",080301
IT PROJECT MANAGEMENT,IT PROJECT MANAGEMENT ADMINISTRATOR,M.702090.005.01,Mengelola Kualitas Proyek (Project Quality Management),080201
IT PROJECT MANAGEMENT,IT PROJECT MANAGEMENT ADMINISTRATOR,TIK.2017.006,Melaporkan kemajuan secara keseluruhan,080201
IT PROJECT MANAGEMENT,IT PROJECT MANAGEMENT ADMINISTRATOR,TIK.2017.008,Memantau pemanfaatan sumber daya,080201
IT PROJECT MANAGEMENT,IT PROJECT MANAGEMENT ADMINISTRATOR,TIK.2017.026,Mengelola anggaran proyek,080201
IT PROJECT MANAGEMENT,IT PROJECT MANAGEMENT ADMINISTRATOR,TIK.2017.044,Mengintegrasikan rencana proyek,080201
IT PROJECT MANAGEMENT,IT PROJECT CLERK,TIK.2017.024,Mengelola administrasi proyek,080101
IT PROJECT MANAGEMENT,IT PROJECT CLERK,TIK.2017.040,"Menggelola instalasi (s/w , h/w), peralatan  dan dukugan harian dalam proyek",080101
IT PROJECT MANAGEMENT,IT PROJECT CLERK,TIK.2017.041,Menggelola korespondensi ke pihak luar dalam mendukung proyek,080101
IT PROJECT MANAGEMENT,IT PROJECT CLERK,TIK.2017.050,Menyiapkan data/informasi yang dibutuhkan untuk pembuatan laporan proyek,080101
IT SECURITY AND COMPLIANCE,IT SECURITY MANAGEMENT STAFF,,,
IT SECURITY AND COMPLIANCE,IT SECURITY MANAGEMENT ADMINISTRATOR,,,
IT SECURITY AND COMPLIANCE,IT SECURITY MANAGEMENT CLERK,,,
IT SERVICES MANAGEMENT SYSTEM,IT PROCUREMENT ASSISTANT,,,
IT SERVICES MANAGEMENT SYSTEM,STAF OPERASI LAYANAN IT,TIK.SM01.001.01,Melaksanakan Pekerjaan Secara Tim,110301
IT SERVICES MANAGEMENT SYSTEM,STAF OPERASI LAYANAN IT,TIK.SM01.003.01,Melaksanakan Pekerjaan Secara Mandiri Dalam Lingkungan Organisasi TI,110301
IT SERVICES MANAGEMENT SYSTEM,STAF OPERASI LAYANAN IT,TIK.SM01.004.01,Melakukan Komunikasi Di Tempat Kerja,110301
IT SERVICES MANAGEMENT SYSTEM,STAF OPERASI LAYANAN IT,TIK.SM01.005.01,Melaksanakan Dan Menjaga Etika Profesi,110301
IT SERVICES MANAGEMENT SYSTEM,STAF OPERASI LAYANAN IT,TIK.SM01.007.01,Melakukan Survei Kebutuhan Pelanggan,110301
IT SERVICES MANAGEMENT SYSTEM,STAF OPERASI LAYANAN IT,TIK.SM01.008.01,Membuat Laporan Tertulis,110301
IT SERVICES MANAGEMENT SYSTEM,STAF OPERASI LAYANAN IT,TIK.SM01.009.01,Memberikan Petunjuk Teknis Kepada Pelanggan,110301
IT SERVICES MANAGEMENT SYSTEM,STAF OPERASI LAYANAN IT,TIK.SM01.010.01,Menjamin Integritas Informasi,110301
IT SERVICES MANAGEMENT SYSTEM,STAF OPERASI LAYANAN IT,TIK.SM02.004.01,Memberikan Pelayanan TI Sesuai Dengan Bisnis Yang Dijalankan,110301
IT SERVICES MANAGEMENT SYSTEM,STAF OPERASI LAYANAN IT,TIK.SM02.009.01,Memberikan Pelayanan Produk-Produk Teknologi Informasi Sesuai Kebutuhan Bisnis,110301
IT SERVICES MANAGEMENT SYSTEM,IT ASSISTANT CONTROLLER,,,
IT SERVICES MANAGEMENT SYSTEM,IT SERVICE MANAGEMENT CLERK,,,
NETWORK AND INFRASTRUCTURE,NETWORK TECHNICIAN,ICAICT101A,Operate a personal computer,040301
NETWORK AND INFRASTRUCTURE,NETWORK TECHNICIAN,ICAICT107A,Use personal productivity tools,040301
NETWORK AND INFRASTRUCTURE,NETWORK TECHNICIAN,ICANWK404A,"Install, operate and troubleshoot a small enterprise branch network",040301
NETWORK AND INFRASTRUCTURE,NETWORK TECHNICIAN,ICANWK505A,"Design, build and test a network server",040301
NETWORK AND INFRASTRUCTURE,NETWORK TECHNICIAN,ICANWK507A,"Install, operate and troubleshoot medium enterprise routers",040301
NETWORK AND INFRASTRUCTURE,NETWORK TECHNICIAN,ICAPRG512A,Prepare for the build phase of an IT system,040301
NETWORK AND INFRASTRUCTURE,NETWORK TECHNICIAN,J.611000.008.02,Menyiapkan Kabel Jaringan,040301
NETWORK AND INFRASTRUCTURE,NETWORK TECHNICIAN,J.611000.009.02,Memasang Kabel Jaringan,040301
NETWORK AND INFRASTRUCTURE,NETWORK TECHNICIAN,J.611000.010.02,Memasang Jaringan Nirkabel,040301
NETWORK AND INFRASTRUCTURE,NETWORK TECHNICIAN,J.611000.012.02,Mengkonfigurasi Switch pada Jaringan,040301
NETWORK AND INFRASTRUCTURE,NETWORK TECHNICIAN,J.611000.013.02,Mengkonfigurasi Routing pada Perangkat Jaringan dalam Satu Autonomous System,040301
NETWORK AND INFRASTRUCTURE,NETWORK TECHNICIAN,J.611000.013.02,Mengkonfigurasi Routing pada Perangkat Jaringan dalam Satu Autonomous System,040301
NETWORK AND INFRASTRUCTURE,NETWORK TECHNICIAN,J.611000.014.02,Mengkonfigurasi Routing pada Perangkat Jaringan antar Autonomous System,040301
NETWORK AND INFRASTRUCTURE,NETWORK TECHNICIAN,J.611000.014.02,Mengkonfigurasi Routing pada Perangkat Jaringan antar Autonomous System,040301
NETWORK AND INFRASTRUCTURE,NETWORK TECHNICIAN,J.611000.019.01,Mengganti Perangkat Jaringan yang Rusak,040301
NETWORK AND INFRASTRUCTURE,NETWORK TECHNICIAN,J.61200.001.01,Menunjukan Platform Operating System dan Bahasa Pemrograman di dalam Perangkat Lunak,040301
NETWORK AND INFRASTRUCTURE,NETWORK TECHNICIAN,J.620100.005.02,Mengimplementasikan User Interface,040301
NETWORK AND INFRASTRUCTURE,NETWORK TECHNICIAN,J.620100.011.01,Melakukan Instalasi Software Tools Pemrograman,040301
NETWORK AND INFRASTRUCTURE,NETWORK TECHNICIAN,J.620100.012.01,Melakukan Pengaturan Software Tools Pemrograman,040301
NETWORK AND INFRASTRUCTURE,NETWORK TECHNICIAN,J.620100.018.02,Mengimplementasikan Pemrograman Berorientasi Objek,040301
NETWORK AND INFRASTRUCTURE,NETWORK TECHNICIAN,J.620100.023.02,Membuat Dokumen Kode Program,040301
NETWORK AND INFRASTRUCTURE,NETWORK TECHNICIAN,J.620100.026.01,Menerapkan Source Code Versioning,040301
NETWORK AND INFRASTRUCTURE,NETWORK TECHNICIAN,J.620100.033.02,Melaksanakan Pengujian Unit Program,040301
NETWORK AND INFRASTRUCTURE,NETWORK TECHNICIAN,J.620900.025.02,Melakukan Instalasi Sistem Operasi,040301
NETWORK AND INFRASTRUCTURE,NETWORK TECHNICIAN,J.620900.026.02,Melakukan Instalasi Software Aplikasi,040301
NETWORK AND INFRASTRUCTURE,NETWORK TECHNICIAN,TIK.MM01.005.01,Mengidentifikasi komponen multimedia,040301
NETWORK AND INFRASTRUCTURE,NETWORK TECHNICIAN,TIK.MM01.007.01,Memilih dan memakai software dan hardware untuk multimedia,040301
NETWORK AND INFRASTRUCTURE,TELECOMMUNICATIONS TECHNICIAN,ICTTEN201,Use electrical skills in telecommunications work,040302
NETWORK AND INFRASTRUCTURE,TELECOMMUNICATIONS TECHNICIAN,ICTTEN202,Use hand and power tools,040302
NETWORK AND INFRASTRUCTURE,TELECOMMUNICATIONS TECHNICIAN,ICTWHS203,Work safely near power infrastructure,040302
NETWORK AND INFRASTRUCTURE,TELECOMMUNICATIONS TECHNICIAN,ICTWHS204,Follow work health and safety and environmental policy and procedures,040302
NETWORK AND INFRASTRUCTURE,TELECOMMUNICATIONS TECHNICIAN,ICTWOR201,Work effectively in telecommunications technology,040302
NETWORK AND INFRASTRUCTURE,TELECOMMUNICATIONS TECHNICIAN,J.591200.006.01,"Melakukan instalasi peralatan (video player, computer dan pendukungnya)",040302
NETWORK AND INFRASTRUCTURE,TELECOMMUNICATIONS TECHNICIAN,J.612000.037.01,Melakukan Pengukuran Trafik telekomunikasi,040302
NETWORK AND INFRASTRUCTURE,TELECOMMUNICATIONS TECHNICIAN,J.612000.041.01,Melakukan Monitoring Kinerja Jaringan Telekomunikasi,040302
NETWORK AND INFRASTRUCTURE,TECHNICAL SUPPORT,J.620900.001.02,Mengidentikasi Perangkat Penyusun Komputer,040201
NETWORK AND INFRASTRUCTURE,TECHNICAL SUPPORT,J.620900.002.02,Mengidentifikasi Spesifikasi Perangkat Komputer,040201
NETWORK AND INFRASTRUCTURE,TECHNICAL SUPPORT,J.620900.003.02,Merumuskan Kebutuhan Pengguna,040201
NETWORK AND INFRASTRUCTURE,TECHNICAL SUPPORT,J.620900.004.02,Merancang Spesifikasi Sesuai dengan Fungsi dan Kebutuhan Pengguna,040201
NETWORK AND INFRASTRUCTURE,TECHNICAL SUPPORT,J.620900.005.02,Merencanakan Perawatan Komputer dan Perangkat Penunjang,040201
NETWORK AND INFRASTRUCTURE,TECHNICAL SUPPORT,J.620900.006.01,Melakukan Inventarisasi Hardware,040201
NETWORK AND INFRASTRUCTURE,TECHNICAL SUPPORT,J.620900.007.02,Melakukan Inventarisasi Software,040201
NETWORK AND INFRASTRUCTURE,TECHNICAL SUPPORT,J.620900.008.02,Memasang Interface Card,040201
NETWORK AND INFRASTRUCTURE,TECHNICAL SUPPORT,J.620900.009.02,Memasang Hard Disk,040201
NETWORK AND INFRASTRUCTURE,TECHNICAL SUPPORT,J.620900.010.02,Memasang Motherboard,040201
NETWORK AND INFRASTRUCTURE,TECHNICAL SUPPORT,J.620900.011.02,Memasang Memory,040201
NETWORK AND INFRASTRUCTURE,TECHNICAL SUPPORT,J.620900.012.02,Memasang Prosesor,040201
NETWORK AND INFRASTRUCTURE,TECHNICAL SUPPORT,J.620900.013.02,Memasang Optical Drive,040201
NETWORK AND INFRASTRUCTURE,TECHNICAL SUPPORT,J.620900.014.02,Merawat CPU,040201
NETWORK AND INFRASTRUCTURE,TECHNICAL SUPPORT,J.620900.015.02,Merawat Hard Disk,040201
NETWORK AND INFRASTRUCTURE,TECHNICAL SUPPORT,J.620900.016.02,Merawat Peripheral,040201
NETWORK AND INFRASTRUCTURE,TECHNICAL SUPPORT,J.620900.017.02,Memperbaiki CPU,040201
NETWORK AND INFRASTRUCTURE,TECHNICAL SUPPORT,J.620900.018.02,Memperbaiki Keyboard,040201
NETWORK AND INFRASTRUCTURE,TECHNICAL SUPPORT,J.620900.019.02,Memperbaiki Optical drive,040201
NETWORK AND INFRASTRUCTURE,TECHNICAL SUPPORT,J.620900.020.02,Memperbaiki Monitor,040201
NETWORK AND INFRASTRUCTURE,TECHNICAL SUPPORT,J.620900.021.02,Memperbaiki Printer,040201
NETWORK AND INFRASTRUCTURE,TECHNICAL SUPPORT,J.620900.022.01,Memperbaiki Scanner,040201
NETWORK AND INFRASTRUCTURE,TECHNICAL SUPPORT,J.620900.023.01,Memperbaiki Proyektor,040201
NETWORK AND INFRASTRUCTURE,TECHNICAL SUPPORT,J.620900.024.02,Melakukan Setting BIOS,040201
NETWORK AND INFRASTRUCTURE,TECHNICAL SUPPORT,J.620900.025.02,Melakukan Instalasi Sistem Operasi,040201
NETWORK AND INFRASTRUCTURE,TECHNICAL SUPPORT,J.620900.026.02,Melakukan Instalasi Software Aplikasi,040201
NETWORK AND INFRASTRUCTURE,TECHNICAL SUPPORT,J.620900.027.02,Melakukan Recovery Data,040201
NETWORK AND INFRASTRUCTURE,TECHNICAL SUPPORT,J.620900.028.02,Mencegah Komputer dari Serangan Berbagai Jenis Virus,040201
NETWORK AND INFRASTRUCTURE,TECHNICAL SUPPORT,J.620900.029.02,Memperbaiki Komputer yang Terinfeksi Virus,040201
NETWORK AND INFRASTRUCTURE,TECHNICAL SUPPORT,J.620900.030.02,Melakukan Setting untuk Optimasi Sistem,040201
NETWORK AND INFRASTRUCTURE,TECHNICAL SUPPORT,J.620900.031.02,Merawat Sistem Operasi,040201
NETWORK AND INFRASTRUCTURE,TECHNICAL SUPPORT,J.620900.032.02,Melakukan Restore Sistem Operasi,040201
NETWORK AND INFRASTRUCTURE,TECHNICAL SUPPORT,J.620900.033.02,Melakukan Backup Data dan Sistem,040201
NETWORK AND INFRASTRUCTURE,TEKNISI PENDUKUNG JARINGAN (NETWORK SUPPORT TECHNICIAN),J.620100.004.02,Menggunakan Struktur Data,040202
NETWORK AND INFRASTRUCTURE,TEKNISI PENDUKUNG JARINGAN (NETWORK SUPPORT TECHNICIAN),J.620100.005.02,Mengimplementasikan User Interface,040202
NETWORK AND INFRASTRUCTURE,TEKNISI PENDUKUNG JARINGAN (NETWORK SUPPORT TECHNICIAN),J.620100.009.01,Menggunakan Spesifikasi Program,040202
NETWORK AND INFRASTRUCTURE,TEKNISI PENDUKUNG JARINGAN (NETWORK SUPPORT TECHNICIAN),J.620100.010.01,"Menerapkan Perintah Eksekusi Bahasa Pemrograman Berbasis Teks, Grafik, dan Multimedia",040202
NETWORK AND INFRASTRUCTURE,TEKNISI PENDUKUNG JARINGAN (NETWORK SUPPORT TECHNICIAN),J.620100.011.01,Melakukan Instalasi Software Tools Pemrograman,040202
NETWORK AND INFRASTRUCTURE,TEKNISI PENDUKUNG JARINGAN (NETWORK SUPPORT TECHNICIAN),J.620100.012.01,Melakukan Pengaturan Software Tools Pemrograman,040202
NETWORK AND INFRASTRUCTURE,TEKNISI PENDUKUNG JARINGAN (NETWORK SUPPORT TECHNICIAN),J.620100.016.01,Menulis Kode dengan Prinsip Sesuai Guidelines dan Best Practices,040202
NETWORK AND INFRASTRUCTURE,TEKNISI PENDUKUNG JARINGAN (NETWORK SUPPORT TECHNICIAN),J.620100.017.02,Mengimplementasikan Pemrograman Terstruktur,040202
NETWORK AND INFRASTRUCTURE,TEKNISI PENDUKUNG JARINGAN (NETWORK SUPPORT TECHNICIAN),J.620100.023.02,Membuat Dokumen Kode Program,040202
NETWORK AND INFRASTRUCTURE,TEKNISI PENDUKUNG JARINGAN (NETWORK SUPPORT TECHNICIAN),J.620100.025.02,Melakukan Debugging,040202
NETWORK AND INFRASTRUCTURE,TEKNISI PENDUKUNG JARINGAN (NETWORK SUPPORT TECHNICIAN),J.620100.033.02,Melaksanakan Pengujian Unit Program,040202
NETWORK AND INFRASTRUCTURE,TEKNISI PENDUKUNG JARINGAN (NETWORK SUPPORT TECHNICIAN),J.620900.025.02,Melakukan Instalasi Sistem Operasi,040202
NETWORK AND INFRASTRUCTURE,TEKNISI PENDUKUNG JARINGAN (NETWORK SUPPORT TECHNICIAN),J.620900.026.02,Melakukan Instalasi Software Aplikasi,040202
NETWORK AND INFRASTRUCTURE,TEKNISI PENDUKUNG OPERASIONAL JARINGAN (OPERATIONAL SUPPORT TECHNICIAN),J.620100.004.02,Menggunakan Struktur Data,040203
NETWORK AND INFRASTRUCTURE,TEKNISI PENDUKUNG OPERASIONAL JARINGAN (OPERATIONAL SUPPORT TECHNICIAN),J.620100.005.02,Mengimplementasikan User Interface,040203
NETWORK AND INFRASTRUCTURE,TEKNISI PENDUKUNG OPERASIONAL JARINGAN (OPERATIONAL SUPPORT TECHNICIAN),J.620100.009.01,Menggunakan Spesifikasi Program,040203
NETWORK AND INFRASTRUCTURE,TEKNISI PENDUKUNG OPERASIONAL JARINGAN (OPERATIONAL SUPPORT TECHNICIAN),J.620100.010.01,"Menerapkan Perintah Eksekusi Bahasa Pemrograman Berbasis Teks, Grafik, dan Multimedia",040203
NETWORK AND INFRASTRUCTURE,TEKNISI PENDUKUNG OPERASIONAL JARINGAN (OPERATIONAL SUPPORT TECHNICIAN),J.620100.011.01,Melakukan Instalasi Software Tools Pemrograman,040203
NETWORK AND INFRASTRUCTURE,TEKNISI PENDUKUNG OPERASIONAL JARINGAN (OPERATIONAL SUPPORT TECHNICIAN),J.620100.012.01,Melakukan Pengaturan Software Tools Pemrograman,040203
NETWORK AND INFRASTRUCTURE,TEKNISI PENDUKUNG OPERASIONAL JARINGAN (OPERATIONAL SUPPORT TECHNICIAN),J.620100.016.01,Menulis Kode dengan Prinsip Sesuai Guidelines dan Best Practices,040203
NETWORK AND INFRASTRUCTURE,TEKNISI PENDUKUNG OPERASIONAL JARINGAN (OPERATIONAL SUPPORT TECHNICIAN),J.620100.017.02,Mengimplementasikan Pemrograman Terstruktur,040203
NETWORK AND INFRASTRUCTURE,TEKNISI PENDUKUNG OPERASIONAL JARINGAN (OPERATIONAL SUPPORT TECHNICIAN),J.620100.023.02,Membuat Dokumen Kode Program,040203
NETWORK AND INFRASTRUCTURE,TEKNISI PENDUKUNG OPERASIONAL JARINGAN (OPERATIONAL SUPPORT TECHNICIAN),J.620100.025.02,Melakukan Debugging,040203
NETWORK AND INFRASTRUCTURE,TEKNISI PENDUKUNG OPERASIONAL JARINGAN (OPERATIONAL SUPPORT TECHNICIAN),J.620100.033.02,Melaksanakan Pengujian Unit Program,040203
NETWORK AND INFRASTRUCTURE,TEKNISI PENDUKUNG OPERASIONAL JARINGAN (OPERATIONAL SUPPORT TECHNICIAN),J.620900.025.02,Melakukan Instalasi Sistem Operasi,040203
NETWORK AND INFRASTRUCTURE,TEKNISI PENDUKUNG OPERASIONAL JARINGAN (OPERATIONAL SUPPORT TECHNICIAN),J.620900.026.02,Melakukan Instalasi Software Aplikasi,040203
NETWORK AND INFRASTRUCTURE,JUNIOR TECHNICAL SUPPORT,J.611000.002.01,Mengumpulkan Data Peralatan Jaringan Dengan Teknologi yang Sesuai,040101
NETWORK AND INFRASTRUCTURE,JUNIOR TECHNICAL SUPPORT,J.611000.003.02,Merancang Topologi Jaringan,040101
NETWORK AND INFRASTRUCTURE,JUNIOR TECHNICAL SUPPORT,J.611000.004.01,Merancang Pengalamatan Jaringan,040101
NETWORK AND INFRASTRUCTURE,JUNIOR TECHNICAL SUPPORT,J.611000.005.02,Menentukan Spesifikasi Perangkat Jaringan,040101
NETWORK AND INFRASTRUCTURE,JUNIOR TECHNICAL SUPPORT,J.611000.009.02,Memasang Kabel Jaringan,040101
NETWORK AND INFRASTRUCTURE,TECHNICAL SUPPORT CLERK,ICAPRG511A,Monitor and support data conversion to new IT system,040102
NETWORK AND INFRASTRUCTURE,TECHNICAL SUPPORT CLERK,ICASAS411A,Assist with policy development for client support procedures,040102
NETWORK AND INFRASTRUCTURE,TECHNICAL SUPPORT CLERK,ICASAS420A,Provide first-level remote help-desk support,040102
NETWORK AND INFRASTRUCTURE,TECHNICAL SUPPORT CLERK,ICASAS509A,Provide client IT support services,040102
NETWORK AND INFRASTRUCTURE,TECHNICAL SUPPORT CLERK,ICTSAS204,Record client support requirements,040102
OPERATION AND SYSTEM TOOLS,ADVANCE OFFICE OPERATOR,TIK.OP02.007.01,Mengoperasikan piranti lunak klien e-mail (e-mail client),050307
OPERATION AND SYSTEM TOOLS,ADVANCE OFFICE OPERATOR,TIK.OP02.011.01,Mengoperasikan piranti lunak presentasi,050307
OPERATION AND SYSTEM TOOLS,ADVANCE OFFICE OPERATOR,TIK.OP02.012.01,Mengoperasikan piranti lunak pengolah kata - tingkat maju,050307
OPERATION AND SYSTEM TOOLS,ADVANCE OFFICE OPERATOR,TIK.OP02.013.01,Mengoperasikan piranti lunak lembar sebar - tingkat maju,050307
OPERATION AND SYSTEM TOOLS,ADVANCE OFFICE OPERATOR,TIK.OP02.016.01,Melakukan konversi data dari berbagai aplikasi perkantoran,050307
OPERATION AND SYSTEM TOOLS,ADVANCE OFFICE OPERATOR,TIK.OP03.002.01,Mengoperasikan dasar-dasar basis data (data base),050307
OPERATION AND SYSTEM TOOLS,COMPUTER REPAIR TECHNICIAN,ICAICT303A,Connect internal hardware components,050311
OPERATION AND SYSTEM TOOLS,COMPUTER REPAIR TECHNICIAN,ICASAS202A,Apply problem-solving techniques to routine IT malfunctions,050311
OPERATION AND SYSTEM TOOLS,COMPUTER REPAIR TECHNICIAN,ICASAS419A,Support system software,050311
OPERATION AND SYSTEM TOOLS,COMPUTER REPAIR TECHNICIAN,ICASAS421A,Support users and troubleshoot desktop applications,050311
OPERATION AND SYSTEM TOOLS,COMPUTER REPAIR TECHNICIAN,J.620900.001.02,Mengidentikasi Perangkat Penyusun Komputer,050311
OPERATION AND SYSTEM TOOLS,COMPUTER REPAIR TECHNICIAN,J.620900.006.01,Melakukan Inventarisasi Hardware,050311
OPERATION AND SYSTEM TOOLS,COMPUTER REPAIR TECHNICIAN,J.620900.007.02,Melakukan Inventarisasi Software,050311
OPERATION AND SYSTEM TOOLS,COMPUTER REPAIR TECHNICIAN,J.620900.009.02,Memasang Hard Disk,050311
OPERATION AND SYSTEM TOOLS,COMPUTER REPAIR TECHNICIAN,J.620900.026.02,Melakukan Instalasi Software Aplikasi,050311
OPERATION AND SYSTEM TOOLS,DESKTOP SPECIALIST,ICAICT203A,Operate application software packages,050309
OPERATION AND SYSTEM TOOLS,DESKTOP SPECIALIST,ICAICT204A,Operate a digital media technology package,050309
OPERATION AND SYSTEM TOOLS,DESKTOP SPECIALIST,JANCO024,Develop PC training programs and curriculum commensurate with needs.,050309
OPERATION AND SYSTEM TOOLS,DESKTOP SPECIALIST,JANCO107,Plan and coordinate PC hardware and software purchase and implementation.,050309
OPERATION AND SYSTEM TOOLS,DESKTOP SPECIALIST,JANCO134,Resolve problems directly with client PC hardware and software.,050309
OPERATION AND SYSTEM TOOLS,DESKTOP SPECIALIST,JANCO154,Work with PC users within the enterprise and with external microcomputer vendors.,050309
OPERATION AND SYSTEM TOOLS,DESKTOP SPECIALIST,TIK.MM02.043.01,Mengoperasikan clapperboard,050309
OPERATION AND SYSTEM TOOLS,DESKTOP SPECIALIST,TIK.OP02.017.01,Melakukan penanganan awal (Troubleshooting) atas masalah pada PC,050309
OPERATION AND SYSTEM TOOLS,DESKTOP SPECIALIST,TIK.OP02.019.01,Mengoperasikan Piranti Lunak pengolah gambar vektor,050309
OPERATION AND SYSTEM TOOLS,DESKTOP TECHNICIAN,BSBWOR301B,Organise personal work priorities and development,050312
OPERATION AND SYSTEM TOOLS,DESKTOP TECHNICIAN,ICAICT101A,Operate a personal computer,050312
OPERATION AND SYSTEM TOOLS,DESKTOP TECHNICIAN,ICAICT107A,Use personal productivity tools,050312
OPERATION AND SYSTEM TOOLS,DESKTOP TECHNICIAN,ICAICT203A,Operate application software packages,050312
OPERATION AND SYSTEM TOOLS,DESKTOP TECHNICIAN,ICANWK505A,"Design, build and test a network server",050312
OPERATION AND SYSTEM TOOLS,DESKTOP TECHNICIAN,ICAPRG505A,Build advanced user interface,050312
OPERATION AND SYSTEM TOOLS,DESKTOP TECHNICIAN,J.620900.026.02,Melakukan Instalasi Software Aplikasi,050312
OPERATION AND SYSTEM TOOLS,DESKTOP TECHNICIAN,PAR.UJ03.025.01,"Merancang dan Mengembangkan dokumen, Laporan, dan Lembaran Kerja pada Komputer",050312
OPERATION AND SYSTEM TOOLS,DESKTOP TECHNICIAN,TIK.DG01.004.01,Mengoperasikan perangkat lunak desain grafis,050312
OPERATION AND SYSTEM TOOLS,DESKTOP TECHNICIAN,TIK.JK02.016.01,Mendesain dan Membangun Server,050312
OPERATION AND SYSTEM TOOLS,DESKTOP TECHNICIAN,TIK.OP02.008.01,Mengidentifikasi komponen sistem komputer tingkat dasar (PC),050312
OPERATION AND SYSTEM TOOLS,DESKTOP TECHNICIAN,TIK.OP02.009.01,Mengoperasikan PC yg Terhubung Pada Jaringan Komputer Lokal,050312
OPERATION AND SYSTEM TOOLS,DESKTOP TECHNICIAN,TIK.SM01.009.01,Memberikan Petunjuk Teknis Kepada Pelanggan,050312
OPERATION AND SYSTEM TOOLS,HELP DESK SPECIALIST,ICAICT303A,Connect internal hardware components,050308
OPERATION AND SYSTEM TOOLS,HELP DESK SPECIALIST,ICASAS202A,Apply problem-solving techniques to routine IT malfunctions,050308
OPERATION AND SYSTEM TOOLS,HELP DESK SPECIALIST,ICASAS206A,Detect and protect from spam and destructive software,050308
OPERATION AND SYSTEM TOOLS,HELP DESK SPECIALIST,ICASAS420A,Provide first-level remote help-desk support,050308
OPERATION AND SYSTEM TOOLS,HELP DESK SPECIALIST,ICASAS421A,Support users and troubleshoot desktop applications,050308
OPERATION AND SYSTEM TOOLS,HELP DESK SPECIALIST,J.620900.001.02,Mengidentikasi Perangkat Penyusun Komputer,050308
OPERATION AND SYSTEM TOOLS,HELP DESK SPECIALIST,J.620900.006.01,Melakukan Inventarisasi Hardware,050308
OPERATION AND SYSTEM TOOLS,HELP DESK SPECIALIST,J.620900.007.02,Melakukan Inventarisasi Software,050308
OPERATION AND SYSTEM TOOLS,HELP DESK SPECIALIST,J.620900.008.02,Memasang Interface Card,050308
OPERATION AND SYSTEM TOOLS,HELP DESK SPECIALIST,J.620900.026.02,Melakukan Instalasi Software Aplikasi,050308
OPERATION AND SYSTEM TOOLS,OPERATOR KOMPUTER KEPENDUDUKAN,ICAICT101A,Operate a personal computer,050305
OPERATION AND SYSTEM TOOLS,OPERATOR KOMPUTER KEPENDUDUKAN,ICAICT201A,Use computer operating systems and hardware,050305
OPERATION AND SYSTEM TOOLS,OPERATOR KOMPUTER KEPENDUDUKAN,LSPK.OPDS03.01,Mengoperasikan Piranti Lunak Data Statistik (SK),050305
OPERATION AND SYSTEM TOOLS,OPERATOR KOMPUTER KEPENDUDUKAN,TIK.OP02.002.01,Mengoperasikan Printer,050305
OPERATION AND SYSTEM TOOLS,OPERATOR KOMPUTER KEPENDUDUKAN,TIK.OP02.006.01,Mengoperasikan Penelusur Web (Web Browser),050305
OPERATION AND SYSTEM TOOLS,OPERATOR KOMPUTER KEPENDUDUKAN,TIK.OP02.007.01,Mengoperasikan piranti lunak klien e-mail (e-mail client),050305
OPERATION AND SYSTEM TOOLS,OPERATOR KOMPUTER KEPENDUDUKAN,TIK.OP02.008.01,Mengidentifikasi komponen sistem komputer tingkat dasar (PC),050305
OPERATION AND SYSTEM TOOLS,OPERATOR KOMPUTER KEPENDUDUKAN,TIK.OP02.012.01,Mengoperasikan piranti lunak pengolah kata - tingkat maju,050305
OPERATION AND SYSTEM TOOLS,OPERATOR KOMPUTER KEPENDUDUKAN,TIK.OP02.013.01,Mengoperasikan piranti lunak lembar sebar - tingkat maju,050305
OPERATION AND SYSTEM TOOLS,OPERATOR KOMPUTER KEPENDUDUKAN,TIK.OP02.014.01,Mempergunakan Piranti Lunak Anti virus,050305
OPERATION AND SYSTEM TOOLS,OPERATOR KOMPUTER KEPENDUDUKAN,TIK.OP02.015.01,Mempergunakan perangkat keras dan piranti lunak untuk memindai dokumen gambar,050305
OPERATION AND SYSTEM TOOLS,OPERATOR KOMPUTER MADYA,TIK.OP02.002.01,Mengoperasikan Printer,050301
OPERATION AND SYSTEM TOOLS,OPERATOR KOMPUTER MADYA,TIK.OP02.003.01,Mengoperasikan sistem operasi,050301
OPERATION AND SYSTEM TOOLS,OPERATOR KOMPUTER MADYA,TIK.OP02.006.01,Mengoperasikan Penelusur Web (Web Browser),050301
OPERATION AND SYSTEM TOOLS,OPERATOR KOMPUTER MADYA,TIK.OP02.007.01,Mengoperasikan piranti lunak klien e-mail (e-mail client),050301
OPERATION AND SYSTEM TOOLS,OPERATOR KOMPUTER MADYA,TIK.OP02.011.01,Mengoperasikan piranti lunak presentasi,050301
OPERATION AND SYSTEM TOOLS,OPERATOR KOMPUTER MADYA,TIK.OP02.012.01,Mengoperasikan piranti lunak pengolah kata - tingkat maju,050301
OPERATION AND SYSTEM TOOLS,OPERATOR KOMPUTER MADYA,TIK.OP02.013.01,Mengoperasikan piranti lunak lembar sebar - tingkat maju,050301
OPERATION AND SYSTEM TOOLS,OPERATOR KOMPUTER MADYA,TIK.OP02.014.01,Mempergunakan Piranti Lunak Anti virus,050301
OPERATION AND SYSTEM TOOLS,OPERATOR KOMPUTER MADYA,TIK.OP02.016.01,Melakukan konversi data dari berbagai aplikasi perkantoran,050301
OPERATION AND SYSTEM TOOLS,OPERATOR KOMPUTER OLAH DATA STATISTIK,LSPK.OPDS01.01,Mengidentifikasi Data Statistik (SK),050306
OPERATION AND SYSTEM TOOLS,OPERATOR KOMPUTER OLAH DATA STATISTIK,LSPK.OPDS02.01,Mengindentifikasi dan mengolah Fungsi Pemodelan Statistik (SK),050306
OPERATION AND SYSTEM TOOLS,OPERATOR KOMPUTER OLAH DATA STATISTIK,LSPK.OPDS03.01,Mengoperasikan Piranti Lunak Data Statistik (SK),050306
OPERATION AND SYSTEM TOOLS,OPERATOR KOMPUTER OLAH DATA STATISTIK,TIK.OP02.001.01,Mengoperasikan komputer personal yang berdiri sendiri (PC stand alone),050306
OPERATION AND SYSTEM TOOLS,OPERATOR KOMPUTER OLAH DATA STATISTIK,TIK.OP02.003.01,Mengoperasikan sistem operasi,050306
OPERATION AND SYSTEM TOOLS,OPERATOR KOMPUTER OLAH DATA STATISTIK,TIK.OP02.013.01,Mengoperasikan piranti lunak lembar sebar - tingkat maju,050306
OPERATION AND SYSTEM TOOLS,OPERATOR KOMPUTER PENJAMINAN MUTU,C.120000.041.01,,050302
OPERATION AND SYSTEM TOOLS,OPERATOR KOMPUTER PENJAMINAN MUTU,ICAICT101A,Operate a personal computer,050302
OPERATION AND SYSTEM TOOLS,OPERATOR KOMPUTER PENJAMINAN MUTU,ICAICT201A,Use computer operating systems and hardware,050302
OPERATION AND SYSTEM TOOLS,OPERATOR KOMPUTER PENJAMINAN MUTU,ICAICT203A,Operate application software packages,050302
OPERATION AND SYSTEM TOOLS,OPERATOR KOMPUTER PENJAMINAN MUTU,TIK.OP02.002.01,Mengoperasikan Printer,050302
OPERATION AND SYSTEM TOOLS,OPERATOR KOMPUTER PENJAMINAN MUTU,TIK.OP02.006.01,Mengoperasikan Penelusur Web (Web Browser),050302
OPERATION AND SYSTEM TOOLS,OPERATOR KOMPUTER PENJAMINAN MUTU,TIK.OP02.007.01,Mengoperasikan piranti lunak klien e-mail (e-mail client),050302
OPERATION AND SYSTEM TOOLS,OPERATOR KOMPUTER PENJAMINAN MUTU,TIK.OP02.008.01,Mengidentifikasi komponen sistem komputer tingkat dasar (PC),050302
OPERATION AND SYSTEM TOOLS,OPERATOR KOMPUTER PENJAMINAN MUTU,TIK.OP02.012.01,Mengoperasikan piranti lunak pengolah kata - tingkat maju,050302
OPERATION AND SYSTEM TOOLS,OPERATOR KOMPUTER PENJAMINAN MUTU,TIK.OP02.013.01,Mengoperasikan piranti lunak lembar sebar - tingkat maju,050302
OPERATION AND SYSTEM TOOLS,OPERATOR KOMPUTER PENJAMINAN MUTU,TIK.OP02.014.01,Mempergunakan Piranti Lunak Anti virus,050302
OPERATION AND SYSTEM TOOLS,OPERATOR KOMPUTER PENJAMINAN MUTU,TIK.OP02.015.01,Mempergunakan perangkat keras dan piranti lunak untuk memindai dokumen gambar,050302
OPERATION AND SYSTEM TOOLS,OPERATOR KOMPUTER QUANTITY SURVEYOR,ICAICT101A,Operate a personal computer,050304
OPERATION AND SYSTEM TOOLS,OPERATOR KOMPUTER QUANTITY SURVEYOR,ICAICT201A,Use computer operating systems and hardware,050304
OPERATION AND SYSTEM TOOLS,OPERATOR KOMPUTER QUANTITY SURVEYOR,LSPK.OPDS01.01,Mengidentifikasi Data Statistik (SK),050304
OPERATION AND SYSTEM TOOLS,OPERATOR KOMPUTER QUANTITY SURVEYOR,LSPK.OPDS02.01,Mengindentifikasi dan mengolah Fungsi Pemodelan Statistik (SK),050304
OPERATION AND SYSTEM TOOLS,OPERATOR KOMPUTER QUANTITY SURVEYOR,LSPK.OPDS03.01,Mengoperasikan Piranti Lunak Data Statistik (SK),050304
OPERATION AND SYSTEM TOOLS,OPERATOR KOMPUTER QUANTITY SURVEYOR,TIK.OP02.002.01,Mengoperasikan Printer,050304
OPERATION AND SYSTEM TOOLS,OPERATOR KOMPUTER QUANTITY SURVEYOR,TIK.OP02.006.01,Mengoperasikan Penelusur Web (Web Browser),050304
OPERATION AND SYSTEM TOOLS,OPERATOR KOMPUTER QUANTITY SURVEYOR,TIK.OP02.007.01,Mengoperasikan piranti lunak klien e-mail (e-mail client),050304
OPERATION AND SYSTEM TOOLS,OPERATOR KOMPUTER QUANTITY SURVEYOR,TIK.OP02.008.01,Mengidentifikasi komponen sistem komputer tingkat dasar (PC),050304
OPERATION AND SYSTEM TOOLS,OPERATOR KOMPUTER QUANTITY SURVEYOR,TIK.OP02.012.01,Mengoperasikan piranti lunak pengolah kata - tingkat maju,050304
OPERATION AND SYSTEM TOOLS,OPERATOR KOMPUTER QUANTITY SURVEYOR,TIK.OP02.013.01,Mengoperasikan piranti lunak lembar sebar - tingkat maju,050304
OPERATION AND SYSTEM TOOLS,OPERATOR KOMPUTER QUANTITY SURVEYOR,TIK.OP02.014.01,Mempergunakan Piranti Lunak Anti virus,050304
OPERATION AND SYSTEM TOOLS,OPERATOR KOMPUTER QUANTITY SURVEYOR,TIK.OP02.015.01,Mempergunakan perangkat keras dan piranti lunak untuk memindai dokumen gambar,050304
OPERATION AND SYSTEM TOOLS,OPERATOR KOMPUTER RANCANG BANGUN,LSPK.OPDRB01.01,Menafsirkan Gambar/Sketsa Brief Teknis (SK),050303
OPERATION AND SYSTEM TOOLS,OPERATOR KOMPUTER RANCANG BANGUN,LSPK.OPDRB02.01,Mengoperasikan Piranti Lunak Desain Rancang Bangun CAD (SK),050303
OPERATION AND SYSTEM TOOLS,OPERATOR KOMPUTER RANCANG BANGUN,LSPK.OPDRB03.01,Menghasilkan Gambar Desain Rancang Bangun (SK),050303
OPERATION AND SYSTEM TOOLS,OPERATOR KOMPUTER RANCANG BANGUN,TIK.OP02.001.01,Mengoperasikan komputer personal yang berdiri sendiri (PC stand alone),050303
OPERATION AND SYSTEM TOOLS,OPERATOR KOMPUTER RANCANG BANGUN,TIK.OP02.002.01,Mengoperasikan Printer,050303
OPERATION AND SYSTEM TOOLS,OPERATOR KOMPUTER RANCANG BANGUN,TIK.OP02.003.01,Mengoperasikan sistem operasi,050303
OPERATION AND SYSTEM TOOLS,WORD PROCESSING LEAD OPERATOR,JANCO095,Oversee and Coordinate Word Processing Center Operators,050310
OPERATION AND SYSTEM TOOLS,WORD PROCESSING LEAD OPERATOR,JANCO096,Oversee and coordinate word processing center operators.,050310
OPERATION AND SYSTEM TOOLS,WORD PROCESSING LEAD OPERATOR,TIK.OP02.003.01,Mengoperasikan sistem operasi,050310
OPERATION AND SYSTEM TOOLS,WORD PROCESSING LEAD OPERATOR,TIK.OP02.005.01,Mengoperasikan piranti lunak lembar sebar (spreadsheet) - tingkat dasar,050310
OPERATION AND SYSTEM TOOLS,WORD PROCESSING LEAD OPERATOR,TIK.TS03.027.01,Mengoperasikan Perangkat Stasiun Bumi,050310
OPERATION AND SYSTEM TOOLS,COMPUTER OPERATOR,JANCO093,Operate computer equipment.,050205
OPERATION AND SYSTEM TOOLS,COMPUTER OPERATOR,TIK.FO02.012.01,Mengoperasikan PC yang terhubung Pada Jaringan Komputer Lokal,050205
OPERATION AND SYSTEM TOOLS,COMPUTER OPERATOR,TIK.OP02.003.01,Mengoperasikan sistem operasi,050205
OPERATION AND SYSTEM TOOLS,COMPUTER OPERATOR,TIK.OP02.005.01,Mengoperasikan piranti lunak lembar sebar (spreadsheet) - tingkat dasar,050205
OPERATION AND SYSTEM TOOLS,COMPUTER OPERATOR,TIK.OP02.007.01,Mengoperasikan piranti lunak klien e-mail (e-mail client),050205
OPERATION AND SYSTEM TOOLS,COMPUTER OPERATOR,TIK.OP02.015.01,Mempergunakan perangkat keras dan piranti lunak untuk memindai dokumen gambar,050205
OPERATION AND SYSTEM TOOLS,COMPUTER OPERATOR,TIK.TS03.002.01,Commanding ke Satelit,050205
OPERATION AND SYSTEM TOOLS,HELPDESK,ICAICT303A,Connect internal hardware components,050203
OPERATION AND SYSTEM TOOLS,HELPDESK,ICASAS202A,Apply problem-solving techniques to routine IT malfunctions,050203
OPERATION AND SYSTEM TOOLS,HELPDESK,ICASAS421A,Support users and troubleshoot desktop applications,050203
OPERATION AND SYSTEM TOOLS,HELPDESK,J.620900.001.02,Mengidentikasi Perangkat Penyusun Komputer,050203
OPERATION AND SYSTEM TOOLS,HELPDESK,J.620900.006.01,Melakukan Inventarisasi Hardware,050203
OPERATION AND SYSTEM TOOLS,HELPDESK,J.620900.007.02,Melakukan Inventarisasi Software,050203
OPERATION AND SYSTEM TOOLS,HELPDESK,J.620900.008.02,Memasang Interface Card,050203
OPERATION AND SYSTEM TOOLS,HELPDESK,J.620900.026.02,Melakukan Instalasi Software Aplikasi,050203
OPERATION AND SYSTEM TOOLS,OPERATOR KOMPUTER MUDA,TIK.OP01.001.01,Mengetik pada papan ketik (keyboard) standar,050201
OPERATION AND SYSTEM TOOLS,OPERATOR KOMPUTER MUDA,TIK.OP02.001.01,Mengoperasikan komputer personal yang berdiri sendiri (PC stand alone),050201
OPERATION AND SYSTEM TOOLS,OPERATOR KOMPUTER MUDA,TIK.OP02.002.01,Mengoperasikan Printer,050201
OPERATION AND SYSTEM TOOLS,OPERATOR KOMPUTER MUDA,TIK.OP02.003.01,Mengoperasikan sistem operasi,050201
OPERATION AND SYSTEM TOOLS,OPERATOR KOMPUTER MUDA,TIK.OP02.004.01,Mengoperasikan piranti lunak pengolah kata (word processor) - tingkat dasar,050201
OPERATION AND SYSTEM TOOLS,OPERATOR KOMPUTER MUDA,TIK.OP02.005.01,Mengoperasikan piranti lunak lembar sebar (spreadsheet) - tingkat dasar,050201
OPERATION AND SYSTEM TOOLS,OPERATOR KOMPUTER MUDA,TIK.OP02.011.01,Mengoperasikan piranti lunak presentasi,050201
OPERATION AND SYSTEM TOOLS,SENIOR OFFICE OPERATOR,TIK.OP01.002.01,Mengidentifikasi aspek kode etik dan HAKI dibidang TIK,050202
OPERATION AND SYSTEM TOOLS,SENIOR OFFICE OPERATOR,TIK.OP01.003.01,Mendeskripsikan kewaspasdaan terhadap keamanan informasi,050202
OPERATION AND SYSTEM TOOLS,SENIOR OFFICE OPERATOR,TIK.OP01.004.01,Mengidentifikasi sistem dan prosedur pengelolaan infrastruktur komputer,050202
OPERATION AND SYSTEM TOOLS,SENIOR OFFICE OPERATOR,TIK.OP01.005.01,Mengimplementasikan sistem keamanan dan keselamatan pada pengoperasian komputer,050202
OPERATION AND SYSTEM TOOLS,SENIOR OFFICE OPERATOR,TIK.OP02.006.01,Mengoperasikan Penelusur Web (Web Browser),050202
OPERATION AND SYSTEM TOOLS,SENIOR OFFICE OPERATOR,TIK.OP02.007.01,Mengoperasikan piranti lunak klien e-mail (e-mail client),050202
OPERATION AND SYSTEM TOOLS,SENIOR OFFICE OPERATOR,TIK.OP02.008.01,Mengidentifikasi komponen sistem komputer tingkat dasar (PC),050202
OPERATION AND SYSTEM TOOLS,SENIOR OFFICE OPERATOR,TIK.OP02.009.01,Mengoperasikan PC yg Terhubung Pada Jaringan Komputer Lokal,050202
OPERATION AND SYSTEM TOOLS,SENIOR OFFICE OPERATOR,TIK.OP02.010.01,Melakukan instalasi untuk koneksi Internet,050202
OPERATION AND SYSTEM TOOLS,SENIOR OFFICE OPERATOR,TIK.OP02.011.01,Mengoperasikan piranti lunak presentasi,050202
OPERATION AND SYSTEM TOOLS,SENIOR OFFICE OPERATOR,TIK.OP02.012.01,Mengoperasikan piranti lunak pengolah kata - tingkat maju,050202
OPERATION AND SYSTEM TOOLS,SENIOR OFFICE OPERATOR,TIK.OP02.013.01,Mengoperasikan piranti lunak lembar sebar - tingkat maju,050202
OPERATION AND SYSTEM TOOLS,SENIOR OFFICE OPERATOR,TIK.OP02.014.01,Mempergunakan Piranti Lunak Anti virus,050202
OPERATION AND SYSTEM TOOLS,SENIOR OFFICE OPERATOR,TIK.OP02.015.01,Mempergunakan perangkat keras dan piranti lunak untuk memindai dokumen gambar,050202
OPERATION AND SYSTEM TOOLS,WORD PROCESSING OPERATOR,JANCO044,"Edit for correct grammar, spelling and format.",050204
OPERATION AND SYSTEM TOOLS,WORD PROCESSING OPERATOR,JANCO147,Type data and text.,050204
OPERATION AND SYSTEM TOOLS,WORD PROCESSING OPERATOR,TIK.OP02.003.01,Mengoperasikan sistem operasi,050204
OPERATION AND SYSTEM TOOLS,WORD PROCESSING OPERATOR,TIK.OP02.005.01,Mengoperasikan piranti lunak lembar sebar (spreadsheet) - tingkat dasar,050204
OPERATION AND SYSTEM TOOLS,WORD PROCESSING OPERATOR,TIK.OP02.015.01,Mempergunakan perangkat keras dan piranti lunak untuk memindai dokumen gambar,050204
OPERATION AND SYSTEM TOOLS,ASISTEN OPERATOR KOMPUTER (COMPUTER OPERATOR ASSISTANT),,,
OPERATION AND SYSTEM TOOLS,BASIC OFFICE OPERATOR,TIK.OP02.004.01,Mengoperasikan piranti lunak pengolah kata (word processor) - tingkat dasar,050102
OPERATION AND SYSTEM TOOLS,BASIC OFFICE OPERATOR,TIK.OP02.005.01,Mengoperasikan piranti lunak lembar sebar (spreadsheet) - tingkat dasar,050102
OPERATION AND SYSTEM TOOLS,BASIC OFFICE OPERATOR,TIK.OP02.011.01,Mengoperasikan piranti lunak presentasi,050102
OPERATION AND SYSTEM TOOLS,COMPUTER TECHNICIAN CLERK,ICAICT101A,Operate a personal computer,050103
OPERATION AND SYSTEM TOOLS,COMPUTER TECHNICIAN CLERK,ICAICT201A,Use computer operating systems and hardware,050103
OPERATION AND SYSTEM TOOLS,COMPUTER TECHNICIAN CLERK,J.620900.002.02,Mengidentifikasi Spesifikasi Perangkat Komputer,050103
OPERATION AND SYSTEM TOOLS,COMPUTER TECHNICIAN CLERK,J.620900.006.01,Melakukan Inventarisasi Hardware,050103
OPERATION AND SYSTEM TOOLS,COMPUTER TECHNICIAN CLERK,J.620900.007.02,Melakukan Inventarisasi Software,050103
OPERATION AND SYSTEM TOOLS,COMPUTER TECHNICIAN CLERK,J.620900.026.02,Melakukan Instalasi Software Aplikasi,050103
OPERATION AND SYSTEM TOOLS,JUNIOR OFFICE OPERATOR,TIK.OP02.002.01,Mengoperasikan Printer,050101
OPERATION AND SYSTEM TOOLS,JUNIOR OFFICE OPERATOR,TIK.OP02.004.01,Mengoperasikan piranti lunak pengolah kata (word processor) - tingkat dasar,050101
OPERATION AND SYSTEM TOOLS,JUNIOR OFFICE OPERATOR,TIK.OP02.005.01,Mengoperasikan piranti lunak lembar sebar (spreadsheet) - tingkat dasar,050101
OPERATION AND SYSTEM TOOLS,JUNIOR OFFICE OPERATOR,TIK.OP02.006.01,Mengoperasikan Penelusur Web (Web Browser),050101
OPERATION AND SYSTEM TOOLS,JUNIOR OFFICE OPERATOR,TIK.OP02.007.01,Mengoperasikan piranti lunak klien e-mail (e-mail client),050101
OPERATION AND SYSTEM TOOLS,JUNIOR OFFICE OPERATOR,TIK.OP02.011.01,Mengoperasikan piranti lunak presentasi,050101
OPERATION AND SYSTEM TOOLS,JUNIOR OFFICE OPERATOR,TIK.OP02.014.01,Mempergunakan Piranti Lunak Anti virus,050101
OPERATION AND SYSTEM TOOLS,JUNIOR OFFICE OPERATOR,TIK.OP02.015.01,Mempergunakan perangkat keras dan piranti lunak untuk memindai dokumen gambar,050101
OPERATION AND SYSTEM TOOLS,JUNIOR OFFICE OPERATOR,TIK.OP03.002.01,Mengoperasikan dasar-dasar basis data (data base),050101
OPERATION AND SYSTEM TOOLS,PRINT OPERATOR,C.102210.049.02,,050105
OPERATION AND SYSTEM TOOLS,PRINT OPERATOR,ICAICT101A,Operate a personal computer,050105
OPERATION AND SYSTEM TOOLS,PRINT OPERATOR,ICAICT201A,Use computer operating systems and hardware,050105
OPERATION AND SYSTEM TOOLS,PRINT OPERATOR,J.620900.016.02,Merawat Peripheral,050105
OPERATION AND SYSTEM TOOLS,PRINT OPERATOR,TIK.CS02.019.01,Melakukan instalasi Driver Printer,050105
OPERATION AND SYSTEM TOOLS,PRINT OPERATOR,TIK.OP02.002.01,Mengoperasikan Printer,050105
PROGRAMMING AND SOFTWARE DEVELOPMENT,ASISTEN PEMROGRAM (PROGGRAMMER ASSISTANT),J.61200.001.01,Menunjukan Platform Operating System dan Bahasa Pemrograman di dalam Perangkat Lunak,020301
PROGRAMMING AND SOFTWARE DEVELOPMENT,ASISTEN PEMROGRAM (PROGGRAMMER ASSISTANT),J.620100.005.02,Mengimplementasikan User Interface,020301
PROGRAMMING AND SOFTWARE DEVELOPMENT,ASISTEN PEMROGRAM (PROGGRAMMER ASSISTANT),J.620100.011.01,Melakukan Instalasi Software Tools Pemrograman,020301
PROGRAMMING AND SOFTWARE DEVELOPMENT,ASISTEN PEMROGRAM (PROGGRAMMER ASSISTANT),J.620100.012.01,Melakukan Pengaturan Software Tools Pemrograman,020301
PROGRAMMING AND SOFTWARE DEVELOPMENT,ASISTEN PEMROGRAM (PROGGRAMMER ASSISTANT),J.620100.018.02,Mengimplementasikan Pemrograman Berorientasi Objek,020301
PROGRAMMING AND SOFTWARE DEVELOPMENT,ASISTEN PEMROGRAM (PROGGRAMMER ASSISTANT),J.620100.023.02,Membuat Dokumen Kode Program,020301
PROGRAMMING AND SOFTWARE DEVELOPMENT,ASISTEN PEMROGRAM (PROGGRAMMER ASSISTANT),J.620100.026.01,Menerapkan Source Code Versioning,020301
PROGRAMMING AND SOFTWARE DEVELOPMENT,ASISTEN PEMROGRAM (PROGGRAMMER ASSISTANT),J.620100.033.02,Melaksanakan Pengujian Unit Program,020301
PROGRAMMING AND SOFTWARE DEVELOPMENT,ASISTEN PEMROGRAM (PROGGRAMMER ASSISTANT),J.620900.025.02,Melakukan Instalasi Sistem Operasi,020301
PROGRAMMING AND SOFTWARE DEVELOPMENT,ASISTEN PEMROGRAM (PROGGRAMMER ASSISTANT),J.620900.026.02,Melakukan Instalasi Software Aplikasi,020301
PROGRAMMING AND SOFTWARE DEVELOPMENT,ASISTEN PEMROGRAM (PROGGRAMMER ASSISTANT),TIK.MM01.005.01,Mengidentifikasi komponen multimedia,020301
PROGRAMMING AND SOFTWARE DEVELOPMENT,ASISTEN PEMROGRAM (PROGGRAMMER ASSISTANT),TIK.MM01.007.01,Memilih dan memakai software dan hardware untuk multimedia,020301
PROGRAMMING AND SOFTWARE DEVELOPMENT,ASISTEN PEMROGRAM ANTARMUKA (INTERFACE PROGRAMMER ASSISTANT),J.61200.001.01,Menunjukan Platform Operating System dan Bahasa Pemrograman di dalam Perangkat Lunak,020303
PROGRAMMING AND SOFTWARE DEVELOPMENT,ASISTEN PEMROGRAM ANTARMUKA (INTERFACE PROGRAMMER ASSISTANT),J.620100.005.02,Mengimplementasikan User Interface,020303
PROGRAMMING AND SOFTWARE DEVELOPMENT,ASISTEN PEMROGRAM ANTARMUKA (INTERFACE PROGRAMMER ASSISTANT),J.620100.011.01,Melakukan Instalasi Software Tools Pemrograman,020303
PROGRAMMING AND SOFTWARE DEVELOPMENT,ASISTEN PEMROGRAM ANTARMUKA (INTERFACE PROGRAMMER ASSISTANT),J.620100.012.01,Melakukan Pengaturan Software Tools Pemrograman,020303
PROGRAMMING AND SOFTWARE DEVELOPMENT,ASISTEN PEMROGRAM ANTARMUKA (INTERFACE PROGRAMMER ASSISTANT),J.620100.018.02,Mengimplementasikan Pemrograman Berorientasi Objek,020303
PROGRAMMING AND SOFTWARE DEVELOPMENT,ASISTEN PEMROGRAM ANTARMUKA (INTERFACE PROGRAMMER ASSISTANT),J.620100.023.02,Membuat Dokumen Kode Program,020303
PROGRAMMING AND SOFTWARE DEVELOPMENT,ASISTEN PEMROGRAM ANTARMUKA (INTERFACE PROGRAMMER ASSISTANT),J.620100.026.01,Menerapkan Source Code Versioning,020303
PROGRAMMING AND SOFTWARE DEVELOPMENT,ASISTEN PEMROGRAM ANTARMUKA (INTERFACE PROGRAMMER ASSISTANT),J.620100.033.02,Melaksanakan Pengujian Unit Program,020303
PROGRAMMING AND SOFTWARE DEVELOPMENT,ASISTEN PEMROGRAM ANTARMUKA (INTERFACE PROGRAMMER ASSISTANT),J.620900.025.02,Melakukan Instalasi Sistem Operasi,020303
PROGRAMMING AND SOFTWARE DEVELOPMENT,ASISTEN PEMROGRAM ANTARMUKA (INTERFACE PROGRAMMER ASSISTANT),J.620900.026.02,Melakukan Instalasi Software Aplikasi,020303
PROGRAMMING AND SOFTWARE DEVELOPMENT,ASISTEN PEMROGRAM ANTARMUKA (INTERFACE PROGRAMMER ASSISTANT),TIK.MM01.005.01,Mengidentifikasi komponen multimedia,020303
PROGRAMMING AND SOFTWARE DEVELOPMENT,ASISTEN PEMROGRAM ANTARMUKA (INTERFACE PROGRAMMER ASSISTANT),TIK.MM01.007.01,Memilih dan memakai software dan hardware untuk multimedia,020303
PROGRAMMING AND SOFTWARE DEVELOPMENT,ASSISTANT DOCUMENTER,J.61200.001.01,Menunjukan Platform Operating System dan Bahasa Pemrograman di dalam Perangkat Lunak,020302
PROGRAMMING AND SOFTWARE DEVELOPMENT,ASSISTANT DOCUMENTER,J.620100.005.02,Mengimplementasikan User Interface,020302
PROGRAMMING AND SOFTWARE DEVELOPMENT,ASSISTANT DOCUMENTER,J.620100.011.01,Melakukan Instalasi Software Tools Pemrograman,020302
PROGRAMMING AND SOFTWARE DEVELOPMENT,ASSISTANT DOCUMENTER,J.620100.012.01,Melakukan Pengaturan Software Tools Pemrograman,020302
PROGRAMMING AND SOFTWARE DEVELOPMENT,ASSISTANT DOCUMENTER,J.620100.018.02,Mengimplementasikan Pemrograman Berorientasi Objek,020302
PROGRAMMING AND SOFTWARE DEVELOPMENT,ASSISTANT DOCUMENTER,J.620100.023.02,Membuat Dokumen Kode Program,020302
PROGRAMMING AND SOFTWARE DEVELOPMENT,ASSISTANT DOCUMENTER,J.620100.026.01,Menerapkan Source Code Versioning,020302
PROGRAMMING AND SOFTWARE DEVELOPMENT,ASSISTANT DOCUMENTER,J.620100.033.02,Melaksanakan Pengujian Unit Program,020302
PROGRAMMING AND SOFTWARE DEVELOPMENT,ASSISTANT DOCUMENTER,J.620900.025.02,Melakukan Instalasi Sistem Operasi,020302
PROGRAMMING AND SOFTWARE DEVELOPMENT,ASSISTANT DOCUMENTER,J.620900.026.02,Melakukan Instalasi Software Aplikasi,020302
PROGRAMMING AND SOFTWARE DEVELOPMENT,ASSISTANT DOCUMENTER,TIK.MM01.005.01,Mengidentifikasi komponen multimedia,020302
PROGRAMMING AND SOFTWARE DEVELOPMENT,ASSISTANT DOCUMENTER,TIK.MM01.007.01,Memilih dan memakai software dan hardware untuk multimedia,020302
PROGRAMMING AND SOFTWARE DEVELOPMENT,PENERJEMAH KODE (CODER),J.61200.001.01,Menunjukan Platform Operating System dan Bahasa Pemrograman di dalam Perangkat Lunak,020304
PROGRAMMING AND SOFTWARE DEVELOPMENT,PENERJEMAH KODE (CODER),J.620100.005.02,Mengimplementasikan User Interface,020304
PROGRAMMING AND SOFTWARE DEVELOPMENT,PENERJEMAH KODE (CODER),J.620100.011.01,Melakukan Instalasi Software Tools Pemrograman,020304
PROGRAMMING AND SOFTWARE DEVELOPMENT,PENERJEMAH KODE (CODER),J.620100.012.01,Melakukan Pengaturan Software Tools Pemrograman,020304
PROGRAMMING AND SOFTWARE DEVELOPMENT,PENERJEMAH KODE (CODER),J.620100.018.02,Mengimplementasikan Pemrograman Berorientasi Objek,020304
PROGRAMMING AND SOFTWARE DEVELOPMENT,PENERJEMAH KODE (CODER),J.620100.023.02,Membuat Dokumen Kode Program,020304
PROGRAMMING AND SOFTWARE DEVELOPMENT,PENERJEMAH KODE (CODER),J.620100.026.01,Menerapkan Source Code Versioning,020304
PROGRAMMING AND SOFTWARE DEVELOPMENT,PENERJEMAH KODE (CODER),J.620100.033.02,Melaksanakan Pengujian Unit Program,020304
PROGRAMMING AND SOFTWARE DEVELOPMENT,PENERJEMAH KODE (CODER),J.620900.025.02,Melakukan Instalasi Sistem Operasi,020304
PROGRAMMING AND SOFTWARE DEVELOPMENT,PENERJEMAH KODE (CODER),J.620900.026.02,Melakukan Instalasi Software Aplikasi,020304
PROGRAMMING AND SOFTWARE DEVELOPMENT,PENERJEMAH KODE (CODER),TIK.MM01.005.01,Mengidentifikasi komponen multimedia,020304
PROGRAMMING AND SOFTWARE DEVELOPMENT,PENERJEMAH KODE (CODER),TIK.MM01.007.01,Memilih dan memakai software dan hardware untuk multimedia,020304
PROGRAMMING AND SOFTWARE DEVELOPMENT,PROGRAM DOCUMENTER,J.61200.001.01,Menunjukan Platform Operating System dan Bahasa Pemrograman di dalam Perangkat Lunak,020305
PROGRAMMING AND SOFTWARE DEVELOPMENT,PROGRAM DOCUMENTER,J.620100.004.02,Menggunakan Struktur Data,020305
PROGRAMMING AND SOFTWARE DEVELOPMENT,PROGRAM DOCUMENTER,J.620100.009.01,Menggunakan Spesifikasi Program,020305
PROGRAMMING AND SOFTWARE DEVELOPMENT,PROGRAM DOCUMENTER,J.620100.010.01,"Menerapkan Perintah Eksekusi Bahasa Pemrograman Berbasis Teks, Grafik, dan Multimedia",020305
PROGRAMMING AND SOFTWARE DEVELOPMENT,PROGRAM DOCUMENTER,J.620100.016.01,Menulis Kode dengan Prinsip Sesuai Guidelines dan Best Practices,020305
PROGRAMMING AND SOFTWARE DEVELOPMENT,PROGRAM DOCUMENTER,J.620100.017.02,Mengimplementasikan Pemrograman Terstruktur,020305
PROGRAMMING AND SOFTWARE DEVELOPMENT,PROGRAM DOCUMENTER,J.620100.023.02,Membuat Dokumen Kode Program,020305
PROGRAMMING AND SOFTWARE DEVELOPMENT,PROGRAM DOCUMENTER,J.620100.025.02,Melakukan Debugging,020305
PROGRAMMING AND SOFTWARE DEVELOPMENT,PROGRAM DOCUMENTER,J.620100.026.01,Menerapkan Source Code Versioning,020305
PROGRAMMING AND SOFTWARE DEVELOPMENT,PROGRAM DOCUMENTER,J.620100.033.02,Melaksanakan Pengujian Unit Program,020305
PROGRAMMING AND SOFTWARE DEVELOPMENT,PROGRAM DOCUMENTER,TIK.MM01.005.01,Mengidentifikasi komponen multimedia,020305
PROGRAMMING AND SOFTWARE DEVELOPMENT,PROGRAM DOCUMENTER,TIK.MM01.007.01,Memilih dan memakai software dan hardware untuk multimedia,020305
PROGRAMMING AND SOFTWARE DEVELOPMENT,ASISTEN PEMROGRAM JUNIOR (JUNIOR ASSISTANT PROGRAMMER),J.620100.004.02,Menggunakan Struktur Data,020203
PROGRAMMING AND SOFTWARE DEVELOPMENT,ASISTEN PEMROGRAM JUNIOR (JUNIOR ASSISTANT PROGRAMMER),J.620100.009.01,Menggunakan Spesifikasi Program,020203
PROGRAMMING AND SOFTWARE DEVELOPMENT,ASISTEN PEMROGRAM JUNIOR (JUNIOR ASSISTANT PROGRAMMER),J.620100.010.01,"Menerapkan Perintah Eksekusi Bahasa Pemrograman Berbasis Teks, Grafik, dan Multimedia",020203
PROGRAMMING AND SOFTWARE DEVELOPMENT,ASISTEN PEMROGRAM JUNIOR (JUNIOR ASSISTANT PROGRAMMER),J.620100.011.01,Melakukan Instalasi Software Tools Pemrograman,020203
PROGRAMMING AND SOFTWARE DEVELOPMENT,ASISTEN PEMROGRAM JUNIOR (JUNIOR ASSISTANT PROGRAMMER),J.620100.012.01,Melakukan Pengaturan Software Tools Pemrograman,020203
PROGRAMMING AND SOFTWARE DEVELOPMENT,ASISTEN PEMROGRAM JUNIOR (JUNIOR ASSISTANT PROGRAMMER),J.620100.016.01,Menulis Kode dengan Prinsip Sesuai Guidelines dan Best Practices,020203
PROGRAMMING AND SOFTWARE DEVELOPMENT,ASISTEN PEMROGRAM JUNIOR (JUNIOR ASSISTANT PROGRAMMER),J.620100.017.02,Mengimplementasikan Pemrograman Terstruktur,020203
PROGRAMMING AND SOFTWARE DEVELOPMENT,ASISTEN PEMROGRAM JUNIOR (JUNIOR ASSISTANT PROGRAMMER),J.620100.025.02,Melakukan Debugging,020203
PROGRAMMING AND SOFTWARE DEVELOPMENT,ASSISTANT PROGRAMMER TRAINEE,J.620100.004.02,Menggunakan Struktur Data,020201
PROGRAMMING AND SOFTWARE DEVELOPMENT,ASSISTANT PROGRAMMER TRAINEE,J.620100.005.02,Mengimplementasikan User Interface,020201
PROGRAMMING AND SOFTWARE DEVELOPMENT,ASSISTANT PROGRAMMER TRAINEE,J.620100.009.01,Menggunakan Spesifikasi Program,020201
PROGRAMMING AND SOFTWARE DEVELOPMENT,ASSISTANT PROGRAMMER TRAINEE,J.620100.010.01,"Menerapkan Perintah Eksekusi Bahasa Pemrograman Berbasis Teks, Grafik, dan Multimedia",020201
PROGRAMMING AND SOFTWARE DEVELOPMENT,ASSISTANT PROGRAMMER TRAINEE,J.620100.016.01,Menulis Kode dengan Prinsip Sesuai Guidelines dan Best Practices,020201
PROGRAMMING AND SOFTWARE DEVELOPMENT,ASSISTANT PROGRAMMER TRAINEE,J.620100.017.02,Mengimplementasikan Pemrograman Terstruktur,020201
PROGRAMMING AND SOFTWARE DEVELOPMENT,ASSISTANT PROGRAMMER TRAINEE,J.620100.025.02,Melakukan Debugging,020201
PROGRAMMING AND SOFTWARE DEVELOPMENT,CODER TRAINEE,J.620100.004.02,Menggunakan Struktur Data,020202
PROGRAMMING AND SOFTWARE DEVELOPMENT,CODER TRAINEE,J.620100.009.01,Menggunakan Spesifikasi Program,020202
PROGRAMMING AND SOFTWARE DEVELOPMENT,CODER TRAINEE,J.620100.010.02,"Menerapkan Perintah Eksekusi Bahasa Pemrograman Berbasis Teks, Grafik, dan Multimedia",020202
PROGRAMMING AND SOFTWARE DEVELOPMENT,CODER TRAINEE,J.620100.016.01,Menulis Kode dengan Prinsip Sesuai Guidelines dan Best Practices,020202
PROGRAMMING AND SOFTWARE DEVELOPMENT,CODER TRAINEE,J.620100.017.02,Mengimplementasikan Pemrograman Terstruktur,020202
PROGRAMMING AND SOFTWARE DEVELOPMENT,CODER TRAINEE,J.620100.023.02,Membuat Dokumen Kode Program,020202
PROGRAMMING AND SOFTWARE DEVELOPMENT,CODER TRAINEE,J.620100.025.02,Melakukan Debugging,020202
PROGRAMMING AND SOFTWARE DEVELOPMENT,CODER TRAINEE,J.620100.033.02,Melaksanakan Pengujian Unit Program,020202
PROGRAMMING AND SOFTWARE DEVELOPMENT,PEMROGRAM JUNIOR (JUNIOR CODER),J.620100.004.02,Menggunakan Struktur Data,020204
PROGRAMMING AND SOFTWARE DEVELOPMENT,PEMROGRAM JUNIOR (JUNIOR CODER),J.620100.009.01,Menggunakan Spesifikasi Program,020204
PROGRAMMING AND SOFTWARE DEVELOPMENT,PEMROGRAM JUNIOR (JUNIOR CODER),J.620100.010.01,"Menerapkan Perintah Eksekusi Bahasa Pemrograman Berbasis Teks, Grafik, dan Multimedia",020204
PROGRAMMING AND SOFTWARE DEVELOPMENT,PEMROGRAM JUNIOR (JUNIOR CODER),J.620100.016.01,Menulis Kode dengan Prinsip Sesuai Guidelines dan Best Practices,020204
PROGRAMMING AND SOFTWARE DEVELOPMENT,PEMROGRAM JUNIOR (JUNIOR CODER),J.620100.017.02,Mengimplementasikan Pemrograman Terstruktur,020204
PROGRAMMING AND SOFTWARE DEVELOPMENT,PEMROGRAM JUNIOR (JUNIOR CODER),J.620100.023.02,Membuat Dokumen Kode Program,020204
PROGRAMMING AND SOFTWARE DEVELOPMENT,PEMROGRAM JUNIOR (JUNIOR CODER),J.620100.025.02,Melakukan Debugging,020204
PROGRAMMING AND SOFTWARE DEVELOPMENT,PEMROGRAM JUNIOR (JUNIOR CODER),J.620100.033.02,Melaksanakan Pengujian Unit Program,020204
PROGRAMMING AND SOFTWARE DEVELOPMENT,PEMROGRAM PEMULA (NOVICE PROGRAMMER),J.620100.004.02,Menggunakan Struktur Data,020205
PROGRAMMING AND SOFTWARE DEVELOPMENT,PEMROGRAM PEMULA (NOVICE PROGRAMMER),J.620100.009.01,Menggunakan Spesifikasi Program,020205
PROGRAMMING AND SOFTWARE DEVELOPMENT,PEMROGRAM PEMULA (NOVICE PROGRAMMER),J.620100.010.01,"Menerapkan Perintah Eksekusi Bahasa Pemrograman Berbasis Teks, Grafik, dan Multimedia",020205
PROGRAMMING AND SOFTWARE DEVELOPMENT,PEMROGRAM PEMULA (NOVICE PROGRAMMER),J.620100.016.01,Menulis Kode dengan Prinsip Sesuai Guidelines dan Best Practices,020205
PROGRAMMING AND SOFTWARE DEVELOPMENT,PEMROGRAM PEMULA (NOVICE PROGRAMMER),J.620100.017.02,Mengimplementasikan Pemrograman Terstruktur,020205
PROGRAMMING AND SOFTWARE DEVELOPMENT,PEMROGRAM PEMULA (NOVICE PROGRAMMER),J.620100.025.02,Melakukan Debugging,020205
PROGRAMMING AND SOFTWARE DEVELOPMENT,PEMROGRAM PEMULA (NOVICE PROGRAMMER),J.620900.025.02,Melakukan Instalasi Sistem Operasi,020205
PROGRAMMING AND SOFTWARE DEVELOPMENT,PEMROGRAM PEMULA (NOVICE PROGRAMMER),J.620900.026.02,Melakukan Instalasi Software Aplikasi,020205
PROGRAMMING AND SOFTWARE DEVELOPMENT,SOFTWARE DEVELOPMENT CLERK,J.620100.011.01,Melakukan Instalasi Software Tools Pemrograman,020101
PROGRAMMING AND SOFTWARE DEVELOPMENT,SOFTWARE DEVELOPMENT CLERK,J.620100.012.01,Melakukan Pengaturan Software Tools Pemrograman,020101
PROGRAMMING AND SOFTWARE DEVELOPMENT,SOFTWARE DEVELOPMENT CLERK,J.620900.025.02,Melakukan Instalasi Sistem Operasi,020101
PROGRAMMING AND SOFTWARE DEVELOPMENT,SOFTWARE DEVELOPMENT CLERK,J.620900.026.02,Melakukan Instalasi Software Aplikasi,020101
